form	lemma	POS	morph
		
༄༅། །		PUNCT
སྔོན་འགྲོ་	སྔོན་འགྲོ་	NOUN
འི་	གི་	PART
ཟིན་བྲིས་	ཟིན་བྲིས་	OTHER
བཞུགས་	བཞུགས་	VERB
སོ་	སོ་	PART
"། །

༄༅། །"		PUNCT
དཔལ་ལྡན་	དཔལ་ལྡན་	ADJ
བླ་མ་	བླ་མ་	NOUN
དམ་པ་	དམ་པ་	VERB
འི་	གི་	PART
ཞབས་	ཞབས་	NOUN
ལ་	ལ་	ADP
ཕྱག་	ཕྱག་	NOUN
འཚལ་	འཚལ་	VERB
ལོ་	ལོ་	NOUN
། །		PUNCT
སྔོན་འགྲོ་	སྔོན་འགྲོ་	NOUN
ལ་	ལ་	ADP
།		PUNCT
ཐུན་མོང་	ཐུན་མོང་	ADJ
དང་	དང་	NO_POS
ཐུན་མོང་	ཐུན་མོང་	ADJ
མ་ཡིན་པ་	མ་ཡིན་པ་	OTHER
གཉིས་	གཉིས་	NUM
ལ་	ལ་	ADP
ས་	གིས་	PART
།		PUNCT
ཐུན་མོང་	ཐུན་མོང་	ADJ
ལ་	ལ་	ADP
།		PUNCT
དལ་འབྱོར་	དལ་འབྱོར་	NOUN
རྙེད་པ་	རྙེད་པ་	VERB
ར་	ལ་	PART
དཀའ་བ་	དཀའ་བ་	VERB
།		PUNCT
འཆི་བ་	འཆི་བ་	VERB
མི་རྟག་པ་	མི་རྟག་པ་	OTHER
།		PUNCT
ལ་	ལ་	ADP
ས་	གིས་	PART
རྒྱུ་འབྲས་	རྒྱུ་འབྲས་	NOUN
།		PUNCT
འཁོར་བ་	འཁོར་བ་	NOUN
འི་	གི་	PART
ཉེས་དམིགས་	ཉེས་དམིགས་	NOUN
བསྒོམ་པ་	བསྒོམ་པ་	VERB
བཞི་	བཞི་	NUM
ལ་	ལ་	ADP
ས་	གིས་	PART
། །		PUNCT
དང་པོ་	དང་པོ་	ADJ
དལ་འབྱོར་	དལ་འབྱོར་	NOUN
རྙེད་པ་	རྙེད་པ་	VERB
ར་	ལ་	PART
དཀའ་བ་	དཀའ་བ་	VERB
ལ་	ལ་	ADP
།		PUNCT
རྒྱུ་	རྒྱུ་	NOUN
འི་	གི་	PART
སྒོ་	སྒོ་	NOUN
ན་	ནས་	PART
།		PUNCT
ངོ་བོ་	ངོ་བོ་	NOUN
འི་	གི་	PART
སྒོ་	སྒོ་	NOUN
ན་	ནས་	PART
།		PUNCT
གྲངས་	གྲངས་	NOUN
ཀྱི་	གི་	PART
སྒོ་	སྒོ་	NOUN
ན་	ནས་	PART
།		PUNCT
དཔེ་	དཔེ་	NOUN
འི་	གི་	PART
སྒོ་	སྒོ་	NOUN
ན་	ནས་	PART
རྙེད་པ་	རྙེད་པ་	VERB
ར་	ལ་	PART
དཀའ་བ་	དཀའ་བ་	VERB
བཞི་	བཞི་	NUM
ལ་	ལ་	ADP
ས་	གིས་	PART
།		PUNCT
རྒྱུ་	རྒྱུ་	NOUN
འི་	གི་	PART
སྒོ་	སྒོ་	NOUN
ན་	ནས་	PART
རྙེད་པ་	རྙེད་པ་	VERB
ར་	ལ་	PART
དཀའ་བ་	དཀའ་བ་	VERB
ནི་	ནི་	NO_POS
།		PUNCT
རྒྱུ་	རྒྱུ་	NOUN
ཚུལ་ཁྲིམས་	ཚུལ་ཁྲིམས་	NOUN
བསྲུངས་པ་	བསྲུངས་པ་	VERB
ལ་	ལ་	ADP
ས་	གིས་	PART
།		PUNCT
འབྲས་བུ་	འབྲས་བུ་	NOUN
མི་ལུས་	མི་ལུས་	NOUN
ཐོབ་པ་	ཐོབ་པ་	VERB
ཡིན་	ཡིན་	NO_POS
ལ་	ལ་	ADP
ཚུལ་ཁྲིམས་	ཚུལ་ཁྲིམས་	NOUN
ནི་	ནི་	NO_POS
མི་དགེ་བ་	མི་དགེ་བ་	NO_POS
བཅུ་	བཅུ་	NUM
འཁོར་བཅས་	འཁོར་བཅས་	ADJ
སྤོང་བ་	སྤོང་བ་	VERB
འི་	གི་	PART
སེམས་པ་	སེམས་པ་	VERB
སྟེ་	སྟེ་	PART
།		PUNCT
སྤོང་བ་	སྤོང་བ་	VERB
འི་	གི་	PART
སེམས་	སེམས་	NOUN
ནི་	ནི་	NO_POS
ཐོབ་པ་	ཐོབ་པ་	VERB
ལ་	ལ་	ADP
ས་	གིས་	PART
། །		PUNCT
ཚུལ་ཁྲིམས་	ཚུལ་ཁྲིམས་	NOUN
ཕ་རོལ་	ཕ་རོལ་	NOUN
ཕྱིན་པ་	ཕྱིན་པ་	VERB
ར་	ལ་	PART
བཤད་	བཤད་	VERB
། །		PUNCT
ཅེས་	ཅེས་	PART
གསུངས་	གསུངས་	VERB
སོ་	སོ་	PART
། །		PUNCT
དེ་	དེ་	DET
སྤོང་	སྤོང་	VERB
མཁན་	མཁན་	PROPN
ཆེ་	ཆེ་	VERB
ཉུང་བ་	ཉུང་བ་	VERB
ས་	གིས་	PART
འབྲས་བུ་	འབྲས་བུ་	NOUN
མི་ལུས་	མི་ལུས་	NOUN
རྙེད་པ་	རྙེད་པ་	VERB
ར་	ལ་	PART
དཀའ་པ་	དཀའ་པ་	VERB
འོ་	གོ་	PART
། །		PUNCT
དེ་ཡང་	དེ་ཡང་	ADV
རྗེ་བཙུན་	རྗེ་བཙུན་	NOUN
གྱིས་	གིས་	PART
དལ་འབྱོར་	དལ་འབྱོར་	NOUN
མི་ལུས་	མི་ལུས་	NOUN
མི་	མི་	PART
དཀོན་	དཀོན་	NO_POS
དུ་	ལ་	PART
། །		PUNCT
ཚུལ་ཁྲིམས་	ཚུལ་ཁྲིམས་	NOUN
སྲུང་བ་	སྲུང་བ་	VERB
འི་	གི་	PART
མི་	མི་	PART
རེ་	རེ་	DET
ཉུང་	ཉུང་	VERB
། །		PUNCT
ཞེ་	ཅེས་	PART
གསུངས་	གསུངས་	VERB
སོ་	སོ་	PART
། །		PUNCT
ངོ་བོ་	ངོ་བོ་	NOUN
འི་	གི་	PART
སྒོ་	སྒོ་	NOUN
ན་	ནས་	PART
རྙེད་པ་	རྙེད་པ་	VERB
ར་	ལ་	PART
དཀའ་བ་	དཀའ་བ་	VERB
ནི་	ནི་	NO_POS
།		PUNCT
དལ་བ་	དལ་བ་	VERB
བརྒྱད་	བརྒྱད་	NUM
ཚང་བ་	ཚང་བ་	VERB
རྙེད་པ་	རྙེད་པ་	VERB
ར་	ལ་	PART
དཀའ་	དཀའ་	VERB
སྟེ་	སྟེ་	PART
།		PUNCT
མི་ཁོམ་པ་	མི་ཁོམ་པ་	OTHER
འི་	གི་	PART
གནས་	གནས་	NOUN
བརྒྱད་	བརྒྱད་	NUM
དུ་	ལ་	PART
སྐྱེ་བ་	སྐྱེ་བ་	VERB
ཆེ་	ཆེ་	VERB
སླ་བ་	སླ་བ་	VERB
ས་	གིས་	PART
སོ་	སོ་	PART
། །		PUNCT
དེ་ཡང་	དེ་ཡང་	ADV
མི་ཁོམ་པ་	མི་ཁོམ་པ་	OTHER
བརྒྱད་	བརྒྱད་	NUM
ནི་	ནི་	NO_POS
། །		PUNCT
དམྱལ་བ་	དམྱལ་བ་	NOUN
ཡི་དྭགས་	ཡི་དྭགས་	NOUN
དུས་	དུས་	NOUN
འགྲོ་	འགྲོ་	VERB
དང་	དང་	NO_POS
། །		PUNCT
ཀླ་ཀློ་	ཀླ་ཀློ་	NO_POS
ཚེ་རིང་	ཚེ་རིང་	NOUN
ལྷ་	ལྷ་	NOUN
དང་	དང་	NO_POS
ནི་	ནི་	NO_POS
། །		PUNCT
ལོག་ལྟ་	ལོག་ལྟ་	NOUN
སངས་རྒྱས་	སངས་རྒྱས་	NOUN
ཀྱིས་	གིས་	PART
སྟོངས་པ་	སྟོངས་པ་	VERB
། །		PUNCT
ལྐུག་པ་	ལྐུག་པ་	NO_POS
འདི་དག་	འདི་དག་	NO_POS
མི་	མི་	PART
ཁོམ་	ཁོམ་	VERB
བརྒྱད་	བརྒྱད་	NUM
། །		PUNCT
ཅེས་པ་	ཅེས་པ་	PART
འི་	གི་	PART
དམྱལ་བ་	དམྱལ་བ་	NOUN
ཡི་དྭགས་	ཡི་དྭགས་	NOUN
དུད་འགྲོ་	དུད་འགྲོ་	NOUN
གསུམ་	གསུམ་	NUM
སྡུག་བསྔལ་	སྡུག་བསྔལ་	NOUN
གྱིས་	གིས་	PART
མནར་བ་	མནར་བ་	VERB
དང་	དང་	NO_POS
།		PUNCT
ཀླ་ཀློ་	ཀླ་ཀློ་	NO_POS
སྟེ་	སྟེ་	PART
གྲུབ་མཐ་	གྲུབ་མཐའ་	NOUN
འི་	གི་	PART
དབང་	དབང་	NOUN
དུ་	ལ་	PART
བྱས་པ་	བྱས་པ་	VERB
ཏག་	ཏག་	NO_POS
གཟིག་བ་	གཟིག་བ་	OTHER
ལ་སོགས་	ལ་སོགས་	NO_POS
དང་	དང་	NO_POS
།		PUNCT
ཡུལ་	ཡུལ་	NOUN
གྱི་	གི་	PART
དབང་	དབང་	NOUN
དུ་	ལ་	PART
བྱས་པ་	བྱས་པ་	VERB
མཐའ་འཁོབ་པ་	མཐའ་འཁོབ་པ་	NOUN
རྣམས་	རྣམས་	DET
ནི་	ནི་	NO_POS
མི་	མི་	PART
འི་	གི་	PART
གཟུགས་	གཟུགས་	NOUN
སུ་	སུ་	ADP
སྣང་	སྣང་	VERB
ཡང་	ཀྱང་	PART
།		PUNCT
དུད་འགྲོ་	དུད་འགྲོ་	NOUN
ལྟ་	ལྟ་	OTHER
བྱ་བ་	བྱ་བ་	VERB
དང་	དང་	NO_POS
བྱ་བ་	བྱ་བ་	VERB
མ་ཡིན་པ་	མ་ཡིན་པ་	OTHER
མི་	མི་	PART
ཤེས་པ་	ཤེས་པ་	VERB
ས་	གིས་	PART
དང་	དང་	NO_POS
།		PUNCT
ལྷ་	ལྷ་	NOUN
ནི་	ནི་	NO_POS
བག་མེད་པ་	བག་མེད་པ་	NOUN
ས་	གིས་	PART
དང་	དང་	NO_POS
།		PUNCT
ལོག་པ་	ལོག་པ་	VERB
ར་	ལ་	PART
ལྟ་བ་	ལྟ་བ་	VERB
ནི་	ནི་	NO_POS
བསམ་པ་	བསམ་པ་	VERB
ཕྱིན་	ཕྱིན་	VERB
ཅི་	ཅི་	NO_POS
ལོག་	ལོག་	VERB
ཏུ་	ལ་	PART
གྱུར་པ་	གྱུར་པ་	VERB
ས་	གིས་	PART
དང་	དང་	NO_POS
།		PUNCT
སངས་རྒྱས་	སངས་རྒྱས་	NOUN
ཀྱིས་	གིས་	PART
སྟོངས་པ་	སྟོངས་པ་	VERB
འི་	གི་	PART
འཇིག་རྟེན་	འཇིག་རྟེན་	NOUN
ནི་	ནི་	NO_POS
།		PUNCT
མུན་པ་	མུན་པ་	NOUN
འི་	གི་	PART
བསྐལ་པ་	བསྐལ་པ་	NOUN
དང་	དང་	NO_POS
།		PUNCT
གླིང་	གླིང་	NOUN
བ་	བ་	NOUN
ལྟ་བུ་	ལྟ་བུ་	NOUN
ར་	ལ་	PART
སྐྱེས་པ་	སྐྱེས་པ་	VERB
སྟོན་པ་	སྟོན་པ་	NOUN
འི་	གི་	PART
སྣང་བ་	སྣང་བ་	VERB
མེད་པ་	མེད་པ་	VERB
ས་	གིས་	PART
དང་	དང་	NO_POS
།		PUNCT
ལྐུག་པ་	ལྐུག་པ་	NO_POS
ནི་	ནི་	NO_POS
ཡིད་	ཡིད་	NOUN
ཀྱི་	གི་	PART
དབང་པོ་	དབང་པོ་	NOUN
མ་ཚང་བ་	མ་ཚང་བ་	NO_POS
ལེགས་ཉེས་	ལེགས་ཉེས་	OTHER
མི་	མི་	PART
ཤེས་པ་	ཤེས་པ་	VERB
ས་	གིས་	PART
དམ་པ་	དམ་པ་	VERB
འི་	གི་	PART
ཆོ་	ཆོ་	NOUN
ཉན་པ་	ཉན་པ་	VERB
ར་	ལ་	PART
མི་ཁོམ་པ་	མི་ཁོམ་པ་	OTHER
ཞེ་	ཅེས་	PART
བྱ་	བྱ་	VERB
འོ་	གོ་	PART
། །		PUNCT
འབྱོར་པ་	འབྱོར་པ་	NOUN
དང་	དང་	NO_POS
ལྡན་པ་	ལྡན་པ་	VERB
རྙེད་པ་	རྙེད་པ་	VERB
ར་	ལ་	PART
དཀའ་	དཀའ་	VERB
སྟེ་	སྟེ་	PART
།		PUNCT
ཡུལ་	ཡུལ་	NOUN
གྱི་	གི་	PART
དབུ་	དབུ་	NOUN
སུ་	སུ་	ADP
མི་	མི་	PART
ར་	ལ་	PART
སྐྱེ་	སྐྱེ་	VERB
ཤིང་	ཅིང་	PART
། །		PUNCT
དབང་པོ་	དབང་པོ་	NOUN
ཚང་	ཚང་	VERB
ཞིང་	ཞིང་	SCONJ
ཆོ་	ཆོ་	NOUN
ལ་	ལ་	ADP
དད་	དད་	VERB
། །		PUNCT
ལ་	ལ་	ADP
ས་	གིས་	PART
མཐའ་མ་	མཐའ་མ་	NOUN
ལོག་	ལོག་	VERB
མཐའ་	མཐའ་	NOUN
རུ་	ལ་	PART
ཕྱིན་	ཕྱིན་	VERB
། །		PUNCT
འདི་	འདི་	DET
ལྔ་	ལྔ་	NUM
རང་	རང་	PRON
གི་	གི་	PART
འབྱོར་པ་	འབྱོར་པ་	NOUN
ཡིན་	ཡིན་	NO_POS
། །		PUNCT
ཡུལ་	ཡུལ་	NOUN
གྱི་	གི་	PART
དབུ་	དབུ་	NOUN
།		PUNCT
ས་	ས་	ADP
ས་	གིས་	PART
བརྩིས་པ་	བརྩིས་པ་	VERB
རྒྱ་གར་	རྒྱ་གར་	PROPN
རྡོ་རྗེ་	རྡོ་རྗེ་	NOUN
གདན་	གདན་	NOUN
ལ་སོགས་པ་	ལ་སོགས་པ་	NO_POS
འི་	གི་	PART
ཡུལ་	ཡུལ་	NOUN
།		PUNCT
ཆོ་	ཆོ་	NOUN
ཀྱིས་	གིས་	PART
བརྩིས་པ་	བརྩིས་པ་	VERB
སྟོན་པ་	སྟོན་པ་	NOUN
འི་	གི་	PART
བསྟན་པ་	བསྟན་པ་	VERB
རྣམ་པ་	རྣམ་པ་	NOUN
ར་	ལ་	PART
དག་པ་	དག་པ་	VERB
གང་	གང་	NO_POS
དུ་ཡོད་པ་	དུ་ཡོད་པ་	NO_POS
སྟེ་	སྟེ་	PART
།		PUNCT
འདི་	འདི་	DET
ར་	ལ་	PART
ཕྱི་མ་	ཕྱི་མ་	ADJ
མི་	མི་	PART
ར་	ལ་	PART
སྐྱེས་པ་	སྐྱེས་པ་	VERB
།		PUNCT
དབང་པོ་	དབང་པོ་	NOUN
སྒོ་	སྒོ་	NOUN
དྲུག་	དྲུག་	NUM
ཚང་བ་	ཚང་བ་	VERB
། །		PUNCT
ཆོ་	ཆོ་	NOUN
ལ་	ལ་	ADP
དད་པ་	དད་པ་	VERB
།		PUNCT
ལ་	ལ་	ADP
ས་	གིས་	PART
ཀྱི་	གི་	PART
མཐའ་མ་	མཐའ་མ་	NOUN
ལོག་པ་	ལོག་པ་	VERB
ནི་	ནི་	NO_POS
།		PUNCT
མཚམས་མེད་པ་	མཚམས་མེད་པ་	NOUN
ལྔ་	ལྔ་	NUM
གང་ཡང་	གང་ཡང་	NO_POS
རུང་བ་	རུང་བ་	VERB
མ་	མ་	PART
བྱས་པ་	བྱས་པ་	VERB
དང་	དང་	NO_POS
།		PUNCT
སངས་རྒྱས་	སངས་རྒྱས་	NOUN
བྱོན་	བྱོན་	VERB
དང་	དང་	NO_POS
དེ་	དེ་	DET
ས་	གིས་	PART
ཆོ་	ཆོ་	NOUN
གསུངས་	གསུངས་	VERB
། །		PUNCT
བསྟན་པ་	བསྟན་པ་	VERB
གནས་	གནས་	NOUN
དང་	དང་	NO_POS
དེ་	དེ་	DET
ར་	ལ་	PART
རྗེས་འཇུག་	རྗེས་འཇུག་	NOUN
།		PUNCT
གཞན་	གཞན་	DET
གྱི་	གི་	PART
ཕྱི་	ཕྱི་	OTHER
ན་	ན་	ADP
སྙིང་རྗེ་བ་	སྙིང་རྗེ་བ་	NOUN
། །		PUNCT
འདི་	འདི་	DET
ལྔ་	ལྔ་	NUM
གཞན་	གཞན་	DET
གྱི་	གི་	PART
འབྱོར་པ་	འབྱོར་པ་	NOUN
ཡིན་	ཡིན་	NO_POS
། །		PUNCT
སངས་རྒྱས་	སངས་རྒྱས་	NOUN
འཇིག་རྟེན་	འཇིག་རྟེན་	NOUN
དུ་	ལ་	PART
བྱོན་པ་	བྱོན་པ་	VERB
། །		PUNCT
དེ་	དེ་	DET
ས་	གིས་	PART
ཆོ་	ཆོ་	NOUN
གསུང་པ་	གསུང་པ་	VERB
།		PUNCT
བསྟན་པ་	བསྟན་པ་	VERB
གནས་པ་	གནས་པ་	VERB
།		PUNCT
བསྟན་པ་	བསྟན་པ་	VERB
ལ་	ལ་	ADP
ཞུགས་པ་	ཞུགས་པ་	VERB
།		PUNCT
ཆོ་	ཆོ་	NOUN
བྱེད་པ་	བྱེད་པ་	VERB
འི་	གི་	PART
མཐུན་	མཐུན་	VERB
རྐྱེན་	རྐྱེན་	NOUN
ཚོགས་པ་	ཚོགས་པ་	VERB
སྟེ་	སྟེ་	PART
།		PUNCT
དེ་ལྟ་	དེ་ལྟ་	NO_POS
བུ་	བུ་	NOUN
འི་	གི་	PART
ཡོན་ཏན་	ཡོན་ཏན་	NOUN
དང་	དང་	NO_POS
ལྡན་པ་	ལྡན་པ་	VERB
འི་	གི་	PART
མི་ལུས་	མི་ལུས་	NOUN
ལ་	ལ་	ADP
།		PUNCT
རྙེད་པ་	རྙེད་པ་	VERB
ར་	ལ་	PART
དཀའ་བ་	དཀའ་བ་	VERB
སོགས་	སོགས་	DET
ཡོན་ཏན་	ཡོན་ཏན་	NOUN
དྲུག་	དྲུག་	NUM
ཆོ་	ཆོ་	NOUN
མཐུན་	མཐུན་	VERB
དུ་ཡོད་པ་	དུ་ཡོད་པ་	NO_POS
ས་	གིས་	PART
རིན་པོ་ཆེ་	རིན་པོ་ཆེ་	ADJ
ཞེ་	ཅེས་	PART
བྱ་	བྱ་	VERB
འོ་	གོ་	PART
། །		PUNCT
དེ་ཡང་	དེ་ཡང་	ADV
སེམས་ཅན་	སེམས་ཅན་	NOUN
ཐམས་ཅད་	ཐམས་ཅད་	DET
ཀྱིས་	གིས་	PART
རང་	རང་	PRON
གི་	གི་	PART
མ་མ་	མ་མ་	NOUN
བྱས་པ་	བྱས་པ་	VERB
མེད་	མེད་	VERB
ལ་	ལ་	ADP
།		PUNCT
དེ་	དེ་	DET
རེ་རེ་	རེ་རེ་	DET
ས་	གིས་	PART
མ་	མ་	PART
བྱས་པ་	བྱས་པ་	VERB
འི་	གི་	PART
གྲངས་	གྲངས་	NOUN
ཀྱང་	ཀྱང་	PART
།		PUNCT
སློབ་དཔོན་	སློབ་དཔོན་	NOUN
ཀླུ་སྒྲུབ་	ཀླུ་སྒྲུབ་	PROPN
ཀྱིས་	གིས་	PART
།		PUNCT
མ་	མ་	PART
ཡི་	ཡི་	ADP
ཐོག་མཐའ་	ཐོག་མཐའ་	OTHER
རྒྱ་ཤུག་	རྒྱ་ཤུག་	NO_POS
ཚི་གུ་	ཚི་གུ་	NO_POS
ཙམ་	ཙམ་	DET
། །		PUNCT
རིལ་བུ་	རིལ་བུ་	OTHER
ར་	ལ་	PART
བྱ་	བྱ་	VERB
ཀྱང་	ཀྱང་	PART
ས་	ས་	ADP
ཡི་	གིས་	PART
ལང་	ལང་	NO_POS
མི་	མི་	PART
འགྱུར་	འགྱུར་	VERB
། །		PUNCT
ཞེ་	ཅེས་	PART
གསུངས་	གསུངས་	VERB
སོ་	སོ་	PART
། །		PUNCT
དེ་ལྟ་	དེ་ལྟ་	NO_POS
བུ་	བུ་	NOUN
འི་	གི་	PART
ལུས་	ལུས་	NOUN
ཇི་སྙེད་	ཇི་སྙེད་	OTHER
ཅིག་	ཅིག་	PART
བླངས་ཀྱང་	བླངས་ཀྱང་	NO_POS
དལ་འབྱོར་	དལ་འབྱོར་	NOUN
ཀྱི་	གི་	PART
མི་ལུས་	མི་ལུས་	NOUN
ཐོབ་པ་	ཐོབ་པ་	VERB
ད་རེས་	ད་རེས་	ADV
ཙམ་	ཙམ་	DET
།		PUNCT
ད་ལན་	ད་ལན་	NO_POS
འདི་	འདི་	DET
ས་	གིས་	PART
གཏན་	གཏན་	NOUN
གྱི་	གི་	PART
དོན་	དོན་	NOUN
མ་	མ་	PART
གྲུབ་	གྲུབ་	VERB
ན་	ན་	ADP
།		PUNCT
ད་དུང་	ད་དུང་	ADV
ཅི་ཙམ་	ཅི་ཙམ་	NO_POS
ཞིག་	ཅིག་	PART
ལེན་པ་	ལེན་པ་	VERB
ར་	ལ་	PART
བྱེད་	བྱེད་	VERB
ཀྱང་	ཀྱང་	PART
། །		PUNCT
དལ་འབྱོར་	དལ་འབྱོར་	NOUN
གྱི་	གི་	PART
ལུས་	ལུས་	NOUN
ནི་	ནི་	NO_POS
དེ་དག་	དེ་དག་	OTHER
ཏུ་	ལ་	PART
ཤིན་ཏུ་	ཤིན་ཏུ་	NO_POS
རྙེད་པ་	རྙེད་པ་	VERB
ར་	ལ་	PART
དཀའ་བ་	དཀའ་བ་	VERB
སྟེ་	སྟེ་	PART
། །		PUNCT
སྤྱོད་འཇུག་	སྤྱོད་འཇུག་	PROPN
ལ་	ལ་	ADP
ས་	གིས་	PART
།		PUNCT
དལ་འབྱོར་	དལ་འབྱོར་	NOUN
འདི་	འདི་	DET
ནི་	ནི་	NO_POS
རྙེད་པ་	རྙེད་པ་	VERB
ར་	ལ་	PART
ཤིན་ཏུ་	ཤིན་ཏུ་	NO_POS
དཀའ་	དཀའ་	VERB
། །		PUNCT
སྐྱེས་བུ་	སྐྱེས་བུ་	NOUN
ས་	གིས་	PART
དོན་གྲུབ་	དོན་གྲུབ་	PROPN
ཐོབ་པ་	ཐོབ་པ་	VERB
ར་	ལ་	PART
འགྱུར་བ་	འགྱུར་བ་	VERB
ལ་	ལ་	ADP
། །		PUNCT
གལ་ཏེ་	གལ་ཏེ་	NO_POS
འདི་	འདི་	DET
ལ་	ལ་	ADP
ཕན་པ་	ཕན་པ་	VERB
མ་	མ་	PART
བསྒྲུབས་	བསྒྲུབས་	VERB
ན་	ན་	ADP
། །		PUNCT
ཕྱི་	ཕྱི་	VERB
འདི་	འདི་	DET
ཡང་དག་	ཡང་དག་	ADJ
འབྱོར་པ་	འབྱོར་པ་	NOUN
ར་	ལ་	PART
ག་ལ་	ག་ལ་	NO_POS
འགྱུར་	འགྱུར་	VERB
། །		PUNCT
ཞེ་	ཅེས་	PART
དང་	དང་	NO_POS
།		PUNCT
མི་	མི་	PART
ཡི་	ཡི་	ADP
གྲུ་	གྲུ་	NOUN
ལ་	ལ་	ADP
བརྟེན་	བརྟེན་	VERB
ན་	ནས་	PART
ནི་	ནི་	NO_POS
། །		PUNCT
སྡུག་བསྔལ་	སྡུག་བསྔལ་	NOUN
རྒྱ་མཚོ་	རྒྱ་མཚོ་	NOUN
ཆེ་	ཆེ་	VERB
ལ་	ལ་	ADP
ས་	གིས་	PART
སྒྲོལ་	སྒྲོལ་	VERB
། །		PUNCT
གྲུ་	གྲུ་	NOUN
འདི་	འདི་	DET
ཕྱི་	ཕྱི་	VERB
ན་	ནས་	PART
རྙེད་	རྙེད་	VERB
དཀའ་བ་	དཀའ་བ་	VERB
ས་	གིས་	PART
། །		PUNCT
རྨོངས་པ་	རྨོངས་པ་	VERB
དུས་	དུས་	NOUN
འདི་	འདི་	DET
ར་	ལ་	PART
གཉིད་	གཉིད་	NOUN
མ་	མ་	PART
ལོག་	ལོག་	VERB
ཅེས་	ཅེས་	PART
གསུངས་	གསུངས་	VERB
སོ་	སོ་	PART
། །		PUNCT
གྲངས་	གྲངས་	NOUN
ཀྱི་	གི་	PART
སྒོ་	སྒོ་	NOUN
ན་	ནས་	PART
རྙེད་	རྙེད་	VERB
དཀའ་བ་	དཀའ་བ་	VERB
ནི་	ནི་	NO_POS
།		PUNCT
ངན་སོང་	ངན་སོང་	NOUN
གསུམ་	གསུམ་	NUM
དུ་	ལ་	PART
སྐྱེས་པ་	སྐྱེས་པ་	VERB
ཆེ་	ཆེ་	VERB
མང་	མང་	VERB
ཞིང་	ཞིང་	SCONJ
།		PUNCT
མཐོ་རིས་	མཐོ་རིས་	NOUN
སུ་	སུ་	ADP
སྐྱེས་པ་	སྐྱེས་པ་	VERB
ནི་	ནི་	NO_POS
ཉུང་	ཉུང་	VERB
།		PUNCT
དེ་	དེ་	DET
འི་	གི་	PART
ནང་	ནང་	NOUN
ན་	ནས་	PART
ཀྱང་	ཀྱང་	PART
དལ་འབྱོར་	དལ་འབྱོར་	NOUN
གྱི་	གི་	PART
མི་ལུས་	མི་ལུས་	NOUN
ནི་	ནི་	NO_POS
ཤིན་ཏུ་	ཤིན་ཏུ་	NO_POS
ཉུང་བ་	ཉུང་བ་	VERB
ས་	གིས་	PART
།		PUNCT
རྗེ་བཙུན་	རྗེ་བཙུན་	NOUN
གྱིས་	གིས་	PART
།		PUNCT
དལ་འབྱོར་	དལ་འབྱོར་	NOUN
མི་ལུས་	མི་ལུས་	NOUN
དཀོན་	དཀོན་	NO_POS
གསུངས་	གསུངས་	VERB
ཏེ་	སྟེ་	PART
། །		PUNCT
ཁྱོད་	ཁྱོད་	PRON
འདྲ་	འདྲ་	VERB
མཐོང་	མཐོང་	VERB
ན་	ན་	ADP
དཀོན་	དཀོན་	NO_POS
རྒྱུ་	རྒྱུ་	NOUN
མེད་	མེད་	VERB
། །		PUNCT
ཅེས་	ཅེས་	PART
ཁྱི་ར་བ་	ཁྱི་ར་བ་	NOUN
ར་	ལ་	PART
གསུངས་པ་	གསུངས་པ་	VERB
བཞིན་	བཞིན་	NOUN
ནོ་	གོ་	PART
། །		PUNCT
དཔེ་	དཔེ་	NOUN
ར་	ལ་	PART
བགྱི་	བགྱི་	VERB
ན་	ན་	ADP
།		PUNCT
ཐང་	ཐང་	NOUN
ལག་མཐིལ་	ལག་མཐིལ་	NOUN
ཙམ་	ཙམ་	DET
ན་	ན་	ADP
།		PUNCT
སྲོག་ཆགས་	སྲོག་ཆགས་	NOUN
གྲོག་སྦུར་	གྲོག་སྦུར་	NOUN
ཇི་སྙེད་	ཇི་སྙེད་	OTHER
ཡོད་	ཡོད་	VERB
ལ་	ལ་	ADP
།		PUNCT
གྲོག་མ་	གྲོག་མ་	NOUN
འི་	གི་	PART
ཚང་	ཚང་	VERB
རེ་རེ་	རེ་རེ་	DET
ལ་	ལ་	ADP
ཡང་	ཀྱང་	PART
བགྲང་	བགྲང་	VERB
དུ་	ལ་	PART
མེད་པ་	མེད་པ་	VERB
ཙམ་	ཙམ་	DET
ཡོད་པ་	ཡོད་པ་	VERB
།		PUNCT
ལུང་པ་གང་	ལུང་པ་གང་	NO_POS
གི་	གི་	PART
མི་ལ་	མི་ལ་	PROPN
དེ་ལྟ་	དེ་ལྟ་	NO_POS
མེད་པ་	མེད་པ་	VERB
ས་	གིས་	PART
ཤེས་པ་	ཤེས་པ་	VERB
ར་	ལ་	PART
བྱ་	བྱ་	VERB
འོ་	གོ་	PART
། །		PUNCT
དེ་ཡང་	དེ་ཡང་	ADV
མདོ་	མདོ་	NOUN
ལ་	ལ་	ADP
ས་	གིས་	PART
།		PUNCT
ས་རྡོ་	ས་རྡོ་	NOUN
རི་ཀླུང་	རི་ཀླུང་	NOUN
ཐམས་ཅད་	ཐམས་ཅད་	DET
དུད་འགྲོ་	དུད་འགྲོ་	NOUN
ས་	གིས་	PART
ཁེངས་	ཁེངས་	VERB
གྱུར་	གྱུར་	VERB
ན་	ན་	ADP
། །		PUNCT
ངན་འགྲོ་	ངན་འགྲོ་	NOUN
གཞན་	གཞན་	DET
གྱི་	གི་	PART
ཚད་	ཚད་	NOUN
ནི་	ནི་	NO_POS
སུ་	སུ་	ADP
ཡི་	གིས་	PART
ཤེ་	ཤེ་	VERB
། །		PUNCT
ཞེ་	ཅེས་	PART
སོ་	སོ་	PART
། །		PUNCT
དཔེ་	དཔེ་	NOUN
འི་	གི་	PART
སྒོ་	སྒོ་	NOUN
ན་	ནས་	PART
རྙེད་	རྙེད་	VERB
དཀའ་བ་	དཀའ་བ་	VERB
ནི་	ནི་	NO_POS
།		PUNCT
རྒྱ་མཚོ་	རྒྱ་མཚོ་	NOUN
ཆེ་	ཆེ་	VERB
ར་	ལ་	PART
གཡེངས་	གཡེངས་	VERB
གཉའ་ཤིང་	གཉའ་ཤིང་	NOUN
གི་	གི་	PART
།		PUNCT
བུ་ག་	བུ་ག་	NOUN
ར་	ལ་	PART
རུས་སྦལ་	རུས་སྦལ་	NOUN
མགྲིན་	མགྲིན་	NOUN
ཚུད་	ཚུད་	VERB
ལྟ་	ལྟ་	OTHER
། །		PUNCT
མི་	མི་	PART
ཉིད་	ཉིད་	DET
ཤིན་ཏུ་	ཤིན་ཏུ་	NO_POS
རྙེད་པ་	རྙེད་པ་	VERB
ར་	ལ་	PART
དཀའ་	དཀའ་	VERB
། །		PUNCT
ཞེ་	ཅེས་	PART
དང་	དང་	NO_POS
།		PUNCT
མངལ་འཇུག་	མངལ་འཇུག་	NO_POS
ལ་	ལ་	ADP
ས་	གིས་	PART
།		PUNCT
ཁབ་མིག་	ཁབ་མིག་	NO_POS
ནམ་མཁའ་	ནམ་མཁའ་	NOUN
ལ་	ལ་	ADP
ཕྱར་	ཕྱར་	NO_POS
ན་	ནས་	PART
ཡུངས་ཀར་	ཡུངས་ཀར་	NO_POS
སྤར་མོ་	སྤར་མོ་	NOUN
གང་	གང་	NO_POS
གཏོ་	གཏོ་	VERB
ན་	ན་	ADP
ཁབ་མིག་	ཁབ་མིག་	NO_POS
གི་	གི་	PART
ནང་	ནང་	NOUN
དུ་	ལ་	PART
ཡུངས་ཀར་	ཡུངས་ཀར་	NO_POS
ཚུད་པ་	ཚུད་པ་	VERB
ནི་	ནི་	NO_POS
སྲིད་	སྲིད་	NOUN
ལ་	ལ་	ADP
།		PUNCT
མི་	མི་	PART
འི་	གི་	PART
ལུས་	ལུས་	NOUN
ནི་	ནི་	NO_POS
ཤིན་ཏུ་	ཤིན་ཏུ་	NO_POS
རྙེད་པ་	རྙེད་པ་	VERB
ར་	ལ་	PART
དཀ་	དཀའ་	VERB
འོ་	གོ་	PART
། །		PUNCT
ཞེ་	ཅེས་	PART
གསུངས་	གསུངས་	VERB
སོ་	སོ་	PART
། །		PUNCT
དེ་ལྟ་	དེ་ལྟ་	NO_POS
རྙེད་པ་	རྙེད་པ་	VERB
ར་	ལ་	PART
དཀའ་བ་	དཀའ་བ་	VERB
འི་	གི་	PART
མི་ལུས་	མི་ལུས་	NOUN
རིན་པོ་ཆེ་	རིན་པོ་ཆེ་	ADJ
ཐོབ་	ཐོབ་	VERB
ན་	ནས་	PART
ཆོས་མ་	ཆོས་མ་	NO_POS
བྱ་	བྱ་	VERB
ན་	ན་	ADP
རང་	རང་	PRON
གིས་	གིས་	PART
རང་	རང་	PRON
བསླུས་པ་	བསླུས་པ་	VERB
ཡིན་པ་	ཡིན་པ་	AUX
ས་	གིས་	PART
སྙིང་	སྙིང་	NOUN
ཐག་པ་	ཐག་པ་	NOUN
ན་	ནས་	PART
དམ་པ་	དམ་པ་	VERB
འི་	གི་	PART
ཆོ་	ཆོ་	NOUN
བྱ་	བྱ་	VERB
འོ་	གོ་	PART
། །		PUNCT
དེ་ཡང་	དེ་ཡང་	ADV
།		PUNCT
ཆོས་རྗེ་	ཆོས་རྗེ་	NOUN
ས་	གིས་	PART
།		PUNCT
མི་ལུས་	མི་ལུས་	NOUN
ཐོབ་	ཐོབ་	VERB
ན་	ནས་	PART
ཆོ་	ཆོ་	NOUN
མེད་པོ་	མེད་པོ་	NO_POS
། །		PUNCT
གསེར་	གསེར་	NOUN
གླིང་	གླིང་	NOUN
དུ་	ལ་	PART
ཕྱིན་	ཕྱིན་	VERB
ན་	ནས་	PART
སྟོང་ལོག་	སྟོང་ལོག་	NO_POS
མཁན་	མཁན་	PROPN
། །		PUNCT
རང་	རང་	PRON
ངན་སོང་	ངན་སོང་	NOUN
ལྷུང་	ལྷུང་	VERB
ན་	ན་	ADP
མི་	མི་	PART
འགྱོད་	འགྱོད་	NO_POS
དམ་	དམ་	PART
། །		PUNCT
མི་	མི་	PART
དད་	དད་	VERB
མེད་	མེད་	VERB
རྣམས་	རྣམས་	DET
ལ་	ལ་	ADP
འཕྲིན་	འཕྲིན་	NO_POS
དེ་	དེ་	DET
སྐྱོལ་	སྐྱོལ་	VERB
། །		PUNCT
ཞེ་	ཅེས་	PART
གསུངས་	གསུངས་	VERB
སོ་	སོ་	PART
།། །།		PUNCT
གཉིས་པ་	གཉིས་པ་	NUM
འཆི་བ་	འཆི་བ་	VERB
མི་རྟག་པ་	མི་རྟག་པ་	OTHER
བསྒོམ་པ་	བསྒོམ་པ་	VERB
ལ་	ལ་	ADP
།		PUNCT
སྐྱེ་	སྐྱེ་	VERB
ཀྱི་	གི་	PART
རྟིང་	རྟིང་	NO_POS
ལ་	ལ་	ADP
ངེས་པ་		
འཆི་བ་	འཆི་བ་	VERB
།		PUNCT
ནམ་	ནམ་	PRON
འཆི་	འཆི་	VERB
ཆ་མེད་	ཆ་མེད་	ADJ
།		PUNCT
འཆི་བ་	འཆི་བ་	VERB
འི་	གི་	PART
རྐྱེན་	རྐྱེན་	NOUN
མང་བ་	མང་བ་	VERB
ར་	ལ་	PART
བསྟན་པ་	བསྟན་པ་	VERB
།		PUNCT
ཅིས་ཀྱང་	ཅིས་ཀྱང་	NO_POS
མི་	མི་	PART
སྟོངས་པ་	སྟོངས་པ་	VERB
ར་	ལ་	PART
འཆི་བ་	འཆི་བ་	VERB
བསམ་པ་	བསམ་པ་	VERB
འོ་	གོ་	PART
། །		PUNCT
སྐྱེ་	སྐྱེ་	VERB
ཀྱི་	གི་	PART
རྟིང་	རྟིང་	NO_POS
ལ་	ལ་	ADP
ངེས་པ་		
འཆི་བ་	འཆི་བ་	VERB
བསམ་པ་	བསམ་པ་	VERB
ནི་	ནི་	NO_POS
།		PUNCT
སྐྱེ་	སྐྱེ་	VERB
ན་	ནས་	PART
སྐད་ཅིག་	སྐད་ཅིག་	OTHER
ཀྱང་	ཀྱང་	PART
སྡོད་ལོང་	སྡོད་ལོང་	NO_POS
མེད་པ་	མེད་པ་	VERB
ར་	ལ་	PART
འཆི་བདག་	འཆི་བདག་	NOUN
གི་	གི་	PART
མདུན་	མདུན་	NOUN
དུ་	ལ་	PART
རྒྱུག་པ་	རྒྱུག་པ་	VERB
སྟེ་	སྟེ་	PART
།		PUNCT
དམ་པ་	དམ་པ་	VERB
ས་	གིས་	PART
།		PUNCT
སྐྱེས་པ་	སྐྱེས་པ་	VERB
འི་	གི་	PART
ནང་པ་	ནང་པ་	NOUN
ར་	ལ་	PART
འཆི་བ་	འཆི་བ་	VERB
འི་	གི་	PART
བྱ་	བྱ་	VERB
བྱུང་བ་	བྱུང་བ་	VERB
ས་	གིས་	PART
། །		PUNCT
ལོང་	ལོང་	VERB
མེད་	མེད་	VERB
རྒྱུད་	རྒྱུད་	NOUN
ལ་	ལ་	ADP
ཁོལ་	ཁོལ་	OTHER
ཅིག་	ཅིག་	PART
དིང་རི་བ་	དིང་རི་བ་	PROPN
། །		PUNCT
ཅེས་	ཅེས་	PART
གསུངས་	གསུངས་	VERB
སོ་	སོ་	PART
། །		PUNCT
དཔེར་ན་	དཔེར་ན་	NO_POS
གསོད་	གསོད་	NO_POS
ས་	ས་	ADP
ར་	ལ་	PART
ཁྲིད་པ་	ཁྲིད་པ་	VERB
འི་	གི་	PART
དུད་འགྲོ་	དུད་འགྲོ་	NOUN
གོམ་པ་	གོམ་པ་	NOUN
རེ་རེ་	རེ་རེ་	DET
བོ་	བོ་	VERB
གྱིན་	གིན་	PART
འཆི་བ་	འཆི་བ་	VERB
ལ་ཉེ་	ལ་ཉེ་	NO_POS
ར་	ལ་	PART
འགྲོ་བ་	འགྲོ་བ་	VERB
བཞིན་	བཞིན་	NOUN
ནོ་	གོ་	PART
། །		PUNCT
རྗེ་བཙུན་	རྗེ་བཙུན་	NOUN
གྱིས་	གིས་	PART
།		PUNCT
ཚེ་	ཚེ་	NOUN
འདི་	འདི་	DET
མི་རྟག་	མི་རྟག་	OTHER
ཉི་རྒས་	ཉི་རྒས་	NO_POS
གྲིབ་སོ་	གྲིབ་སོ་	NO_POS
འདྲ་	འདྲ་	VERB
། །		PUNCT
ཕར་ཕར་	ཕར་ཕར་	NO_POS
ཕྱིན་	ཕྱིན་	VERB
ཀྱང་	ཀྱང་	PART
ཚུ་		
ཚུ་		
འོང་	འོང་	VERB
། །		PUNCT
བྲོས་པ་	བྲོས་པ་	VERB
ས་	གིས་	PART
ཐར་བ་	ཐར་བ་	VERB
ང་	ང་	OTHER
མ་	མ་	PART
མཐོང་	མཐོང་	VERB
། །		PUNCT
ཞེ་	ཅེས་	PART
དང་	དང་	NO_POS
།		PUNCT
ལོ་	ལོ་	NOUN
དང་	དང་	NO_POS
ཟླ་བ་	ཟླ་བ་	NOUN
འི་	གི་	PART
ཆར་པ་	ཆར་པ་	OTHER
ས་	གིས་	PART
བརྡུང་	བརྡུང་	NO_POS
། །		PUNCT
ཞག་	ཞག་	NOUN
དང་	དང་	NO_POS
ཟ་མ་	ཟ་མ་	NOUN
འི་	གི་	PART
ཐིགས་པ་	ཐིགས་པ་	OTHER
བབ་	བབ་	VERB
། །		PUNCT
སྒྱུ་ལུས་	སྒྱུ་ལུས་	NOUN
ཀྱི་	གི་	PART
ཁང་པ་	ཁང་པ་	NOUN
འགྱེལ་	འགྱེལ་	NO_POS
ལ་	ལ་	ADP
ཁད་	ཁད་	NOUN
། །		PUNCT
འཆི་	འཆི་	VERB
བྲོད་	བྲོད་	VERB
ཀྱི་	གི་	PART
ཐིགས་ཚགས་	ཐིགས་ཚགས་	NO_POS
བྱེད་	བྱེད་	VERB
རེ་	རེ་	DET
རན་	རན་	NO_POS
། །		PUNCT
ཞེ་	ཅེས་	PART
གསུངས་	གསུངས་	VERB
སོ་	སོ་	PART
། །		PUNCT
གཞན་	གཞན་	DET
ཡང་	ཀྱང་	PART
རྒྱུ་རྐྱེན་	རྒྱུ་རྐྱེན་	OTHER
ལ་	ལ་	ADP
ས་	གིས་	PART
སྐྱེས་པ་	སྐྱེས་པ་	VERB
འི་	གི་	PART
ཆོ་	ཆོ་	NOUN
ཡིན་	ཡིན་	NO_POS
ཕན་ཆད་	ཕན་ཆད་	ADV
སྐད་ཅིག་མ་	སྐད་ཅིག་མ་	ADJ
གཉིས་	གཉིས་	NUM
སུ་	སུ་	ADP
སྡོད་པ་	སྡོད་པ་	VERB
འི་	གི་	PART
ལོང་	ལོང་	VERB
མེད་པ་	མེད་པ་	VERB
འཇིག་པ་	འཇིག་པ་	VERB
ས་	གིས་	PART
ན་	ན་	ADP
འདུས་བྱས་	འདུས་བྱས་	NOUN
ཐམས་ཅད་	ཐམས་ཅད་	DET
མི་རྟག་པ་	མི་རྟག་པ་	OTHER
ཞེ་	ཅེས་	PART
བྱ་	བྱ་	VERB
འོ་	གོ་	PART
། །		PUNCT
དཔའ་བོ་	དཔའ་བོ་	NOUN
ས་	གིས་	PART
།		PUNCT
འདི་ལྟར་	འདི་ལྟར་	NO_POS
ཐམས་ཅད་	ཐམས་ཅད་	DET
སྐྱེ་བ་	སྐྱེ་བ་	VERB
ཡི་	ཡི་	ADP
། །		PUNCT
མདུན་	མདུན་	NOUN
ན་	ན་	ADP
གནས་པ་	གནས་པ་	VERB
འཆི་བ་	འཆི་བ་	VERB
སྟེ་	སྟེ་	PART
། །		PUNCT
ཞེ་	ཅེས་	PART
གསུངས་	གསུངས་	VERB
སོ་	སོ་	PART
། །		PUNCT
ནམ་	ནམ་	PRON
འཆི་	འཆི་	VERB
ཆ་མེད་	ཆ་མེད་	ADJ
བསམ་པ་	བསམ་པ་	VERB
ནི་	ནི་	NO_POS
། །		PUNCT
ལུས་ཅན་	ལུས་ཅན་	NOUN
རྣམས་	རྣམས་	DET
ཀྱི་	གི་	PART
ཁྲོད་	ཁྲོད་	NOUN
ན་	ན་	ADP
།		PUNCT
འདི་	འདི་	DET
སྔོན་	སྔོན་	ADV
ལ་	ལ་	ADP
འཆི་	འཆི་	VERB
།		PUNCT
འདི་	འདི་	DET
རྗེས་སུ་	རྗེས་སུ་	OTHER
འཆི་	འཆི་	VERB
ཞེ་	ཅེས་	PART
རི་	རི་	NOUN
སུ་	སུ་	ADP
བཅད་པ་	བཅད་པ་	VERB
ཅི་ཡང་	ཅི་ཡང་	OTHER
མེད་	མེད་	VERB
ལ་	ལ་	ADP
།		PUNCT
མི་	མི་	PART
འཆི་	འཆི་	VERB
ལ་	ལ་	ADP
རེ་བ་	རེ་བ་	VERB
ཅིག་	ཅིག་	PART
ཐོག་	ཐོག་	NOUN
རྒྱབ་	རྒྱབ་	NOUN
ཏུ་	ལ་	PART
འཆི་	འཆི་	VERB
ཡི་	ཡི་	ADP
འདུག་པ་	འདུག་པ་	VERB
ལྟ་	ལྟ་	OTHER
རང་	རང་	PRON
ལ་	ལ་	ADP
ཡང་	ཀྱང་	PART
འབྱུང་བ་	འབྱུང་བ་	VERB
ས་	གིས་	PART
།		PUNCT
རྗེ་བཙུན་	རྗེ་བཙུན་	NOUN
གྱིས་	གིས་	PART
།		PUNCT
ཁྱོད་	ཁྱོད་	PRON
གཞོན་པ་	གཞོན་པ་	NOUN
ཕོ་མོ་	ཕོ་མོ་	NOUN
ཚོགས་	ཚོགས་	NOUN
ཙ་ན་	ཙ་ན་	NO_POS
། །		PUNCT
འཆི་བ་	འཆི་བ་	VERB
ཡོང་	ཡོང་	NO_POS
སྙམ་	སྙམ་	VERB
མི་	མི་	PART
གདའ་	གདའ་	VERB
སྟེ་	སྟེ་	PART
། །		PUNCT
འཆི་བ་	འཆི་བ་	VERB
ཐོག་	ཐོག་	NOUN
བབ་	བབ་	VERB
ཀྱི་	གི་	PART
ཚུལ་	ཚུལ་	NOUN
དུ་	ལ་	PART
ཡོང་	ཡོང་	NO_POS
གིན་	གིན་	PART
གདའ་	གདའ་	VERB
། །		PUNCT
ཞེ་	ཅེས་	PART
སོ་	སོ་	PART
། །		PUNCT
དེ་ཙམ་	དེ་ཙམ་	NO_POS
དུ་མ་	དུ་མ་	ADJ
ཟད་	ཟད་	VERB
དོ་ནུབ་	དོ་ནུབ་	ADV
གློ་བུ་	གློ་བུ་	OTHER
དུ་	ལ་	PART
གཟའ་	གཟའ་	NOUN
ལ་སོགས་པ་	ལ་སོགས་པ་	NO_POS
གདོན་	གདོན་	NOUN
ནམ་	ནམ་	PRON
།		PUNCT
གཡང་	གཡང་	NOUN
ལ་	ལ་	ADP
ལྷུང་བ་	ལྷུང་བ་	VERB
འམ་	གམ་	PART
།		PUNCT
གཏིབ་	གཏིབ་	NO_POS
འོག་	འོག་	NOUN
ཏུ་	ལ་	PART
ཚུད་པ་	ཚུད་པ་	VERB
འམ་	གམ་	PART
།		PUNCT
ནད་	ནད་	NOUN
ཀྱིས་	གིས་	PART
སམ་	གམ་	PART
།		PUNCT
མཚོན་	མཚོན་	NOUN
གྱིས་	གིས་	PART
འཆི་བ་	འཆི་བ་	VERB
ར་	ལ་	PART
མི་འགྱུར་བ་	མི་འགྱུར་བ་	NO_POS
འི་	གི་	PART
གདེངས་	གདེངས་	NOUN
སུ་	སུ་	ADP
ལ་	ལ་	ADP
ཡང་	ཀྱང་	PART
མེད་	མེད་	VERB
ལ་	ལ་	ADP
།		PUNCT
དོ་ནུབ་	དོ་ནུབ་	ADV
མི་	མི་	PART
འཆི་	འཆི་	VERB
ཐག་	ཐག་	VERB
ཆོད་པ་	ཆོད་པ་	VERB
མེད་	མེད་	VERB
བཞིན་	བཞིན་	NOUN
དུ་	ལ་	PART
དེ་རིང་	དེ་རིང་	ADV
འདི་	འདི་	DET
བྱ་	བྱ་	VERB
།		PUNCT
སང་	སང་	ADV
འདི་	འདི་	DET
བྱེད་	བྱེད་	VERB
།		PUNCT
ད་གཟོད་	ད་གཟོད་	NO_POS
ལ་སོགས་པ་	ལ་སོགས་པ་	NO_POS
འི་	གི་	PART
བྱ་གཞག་	བྱ་གཞག་	NO_POS
གི་	གི་	PART
ཕྱི་ཚིགས་	ཕྱི་ཚིགས་	NO_POS
དང་	དང་	NO_POS
གསོག་འཇོག་	གསོག་འཇོག་	NOUN
བསྒྲུབ་པ་	བསྒྲུབ་པ་	VERB
ནི་	ནི་	NO_POS
རང་	རང་	PRON
གིས་	གིས་	PART
རང་	རང་	PRON
བསླུས་པ་	བསླུས་པ་	VERB
ཁོ་ན་	ཁོ་ན་	DET
ར་	ལ་	PART
ཟད་	ཟད་	VERB
དེ་	དེ་	DET
།		PUNCT
རྒྱལ་སྲས་	རྒྱལ་སྲས་	NOUN
ཐོགས་མེད་པ་	ཐོགས་མེད་པ་	PROPN
ས་	གིས་	PART
།		PUNCT
དེ་རིང་	དེ་རིང་	ADV
ཙམ་	ཙམ་	DET
ཡང་	ཀྱང་	PART
མི་	མི་	PART
འཆི་	འཆི་	VERB
འི་	གི་	PART
གདེང་	གདེང་	NOUN
མེད་	མེད་	VERB
ལ་	ལ་	ADP
། །		PUNCT
རྟག་	རྟག་	VERB
ཏུ་	ལ་	PART
སྡོད་	སྡོད་	VERB
གྲབས་	གྲབས་	NOUN
བྱེད་པ་	བྱེད་པ་	VERB
འི་	གི་	PART
ངང་རིང་པོ་	ངང་རིང་པོ་	NO_POS
། །		PUNCT
འཆི་ཀ་	འཆི་ཀ་	NO_POS
ར་	ལ་	PART
བྲང་	བྲང་	NOUN
ལག་	ལག་	NOUN
འཐབ་མོ་	འཐབ་མོ་	NOUN
འཆོར་	འཆོར་	NO_POS
ཉེན་	ཉེན་	VERB
གདའ་	གདའ་	VERB
། །		PUNCT
འཆི་བ་	འཆི་བ་	VERB
རྗེས་སུ་	རྗེས་སུ་	OTHER
དྲན་པ་	དྲན་པ་	VERB
ར་	ལ་	PART
བྱིན་	བྱིན་	VERB
གྱིས་	གིས་	PART
རློབས་	རློབས་	VERB
། །		PUNCT
ཞེ་	ཅེས་	PART
དང་	དང་	NO_POS
།		PUNCT
སྤྱོད་འཇུག་	སྤྱོད་འཇུག་	PROPN
ཏུ་	ལ་	PART
།		PUNCT
དེ་རིང་	དེ་རིང་	ADV
ཁོ་ན་	ཁོ་ན་	DET
མི་	མི་	PART
འཆི་	འཆི་	VERB
ཞེ་	ཅེས་	PART
། །		PUNCT
བདེ་བ་	བདེ་བ་	VERB
ར་	ལ་	PART
འདུག་པ་	འདུག་པ་	VERB
རིགས་	རིགས་	NOUN
མ་	མ་	PART
ཡིན་	ཡིན་	NO_POS
། །		PUNCT
ཞེ་	ཅེས་	PART
དང་	དང་	NO_POS
།		PUNCT
སློབ་	སློབ་	VERB
སྤྲིངས་	སྤྲིངས་	VERB
ལ་	ལ་	ADP
ས་	གིས་	PART
།		PUNCT
འདི་	འདི་	DET
ནི་	ནི་	NO_POS
སང་	སང་	ADV
བྱ་	བྱ་	VERB
འདི་	འདི་	DET
ནི་	ནི་	NO_POS
ཐངས་		NON_WORD
ཅིག་	ཅིག་	PART
འོག་	འོག་	NOUN
ཏུ་	ལ་	PART
བྱ་	བྱ་	VERB
། །		PUNCT
འདི་	འདི་	DET
ནི་	ནི་	NO_POS
དེའུ་རེ་	དེའུ་རེ་	ADV
བྱ་	བྱ་	VERB
ཞེ་	ཅེས་	PART
སྐྱེ་བོ་	སྐྱེ་བོ་	NOUN
སེམས་པ་	སེམས་པ་	VERB
ན་	ན་	ADP
།		PUNCT
གཤིན་རྗེ་	གཤིན་རྗེ་	OTHER
བེ་ཅོན་	བེ་ཅོན་	NO_POS
ལག་ཐོགས་	ལག་ཐོགས་	NO_POS
ཟུར་	ཟུར་	NOUN
གྱི་	གི་	PART
ལྟ་བ་	ལྟ་བ་	VERB
ཡི་	ཡི་	ADP
། །		PUNCT
མིག་	མིག་	NOUN
རྩ་	རྩ་	NUM
དམར་	དམར་	VERB
ཁྲོས་མ་	ཁྲོས་མ་	OTHER
རངས་	རངས་	NO_POS
གད་མོ་	གད་མོ་	NO_POS
ས་	གིས་	PART
རེ་	རེ་	DET
སྙམ་	སྙམ་	VERB
འདེབས་	འདེབས་	VERB
། །		PUNCT
ཞེ་	ཅེས་	PART
གསུངས་	གསུངས་	VERB
སོ་	སོ་	PART
། །		PUNCT
འཆི་བ་	འཆི་བ་	VERB
འི་	གི་	PART
རྐྱེན་	རྐྱེན་	NOUN
མང་བ་	མང་བ་	VERB
ར་	ལ་	PART
བསྟན་པ་	བསྟན་པ་	VERB
ནི་	ནི་	NO_POS
།		PUNCT
ལུས་ཅན་	ལུས་ཅན་	NOUN
རྣམས་	རྣམས་	DET
ཀྱི་	གི་	PART
ཚེ་	ཚེ་	NOUN
གནོད་པ་	གནོད་པ་	VERB
འབའ་ཞིག་	འབའ་ཞིག་	NO_POS
གི་	གི་	PART
ནང་	ནང་	NOUN
དུ་	ལ་	PART
གནས་པ་	གནས་པ་	VERB
རླུང་	རླུང་	NOUN
གིས་	གིས་	PART
བཏབ་པ་	བཏབ་པ་	VERB
འི་	གི་	PART
ཆུ་	ཆུ་	NOUN
འི་	གི་	PART
ལྦུ་བ་	ལྦུ་བ་	NO_POS
ལྟ་བུ་	ལྟ་བུ་	NOUN
ར་	ལ་	PART
ད་ལྟ་	ད་ལྟ་	OTHER
མ་	མ་	PART
ཡལ་བ་	ཡལ་བ་	VERB
ར་	ལ་	PART
འདུག་	འདུག་	VERB
ཀྱང་	ཀྱང་	PART
།		PUNCT
རིང་	རིང་	NOUN
དུ་	ལ་	PART
གནས་པ་	གནས་པ་	VERB
ར་	ལ་	PART
བྱ་བ་	བྱ་བ་	VERB
འི་	གི་	PART
ནུས་པ་	ནུས་པ་	VERB
མེད་པ་	མེད་པ་	VERB
ས་	གིས་	PART
ཡིད་བརྟན་	ཡིད་བརྟན་	NOUN
དུ་	ལ་	PART
རུང་བ་	རུང་བ་	VERB
མ་	མ་	PART
ཡིན་	ཡིན་	NO_POS
ཏེ་	སྟེ་	PART
།		PUNCT
ཀླུ་སྒྲུབ་	ཀླུ་སྒྲུབ་	PROPN
ཀྱིས་	གིས་	PART
།		PUNCT
ཚེ་	ཚེ་	NOUN
འདི་	འདི་	DET
གནོད་	གནོད་	VERB
མང་	མང་	VERB
རླུང་	རླུང་	NOUN
གིས་	གིས་	PART
བཏབ་པ་	བཏབ་པ་	VERB
ཡི་	ཡི་	ADP
། །		PUNCT
ཆུ་	ཆུ་	NOUN
ཡི་	ཡི་	ADP
ཆུ་བུར་	ཆུ་བུར་	NOUN
བ་	བ་	ADP
ཀྱང་	ཀྱང་	PART
མི་རྟག་	མི་རྟག་	OTHER
ན་	ན་	ADP
། །		PUNCT
དབུགས་དབྱུང་	དབུགས་དབྱུང་	NO_POS
དབུགས་	དབུགས་	NOUN
རྔུབ་	རྔུབ་	NO_POS
གཉིད་	གཉིད་	NOUN
ཀྱིས་	གིས་	PART
ལོག་པ་	ལོག་པ་	VERB
ལ་	ལ་	ADP
ས་	གིས་	PART
། །		PUNCT
སད་	སད་	VERB
ཁོམ་	ཁོམ་	VERB
གང་	གང་	NO_POS
ལགས་	ལགས་	AUX
དེ་	དེ་	DET
ནི་	ནི་	NO_POS
ངོ་མཚར་	ངོ་མཚར་	ADJ
ཆེ་	ཆེ་	VERB
། །		PUNCT
ཞེ་	ཅེས་	PART
གསུངས་	གསུངས་	VERB
ཤིང་	ཅིང་	PART
།		PUNCT
གཞན་	གཞན་	DET
ཡང་	ཀྱང་	PART
།		PUNCT
སྐྱེས་་	སྐྱེས་བ་	VERB
འི་	གི་	PART
ཐ་མ་	ཐ་མ་	ADJ
ནི་	ནི་	NO_POS
འཆི་	འཆི་	VERB
།		PUNCT
འདུས་པ་	འདུས་པ་	VERB
འབྲལ་	འབྲལ་	NO_POS
།		PUNCT
བསགས་པ་	བསགས་པ་	VERB
འཛད་	འཛད་	NO_POS
།		PUNCT
བརྩིགས་པ་	བརྩིགས་པ་	VERB
འགྱེལ་བ་	འགྱེལ་བ་	VERB
ས་	གིས་	PART
གང་	གང་	NO_POS
ལ་	ལ་	ADP
ཡང་སྙིང་པོ་	ཡང་སྙིང་པོ་	NOUN
མེད་པ་	མེད་པ་	VERB
ར་	ལ་	PART
བསམ་	བསམ་	NOUN
ཞིང་	ཞིང་	ADP
།		PUNCT
ནད་	ནད་	NOUN
དྲག་པོ་	དྲག་པོ་	ADJ
དབུགས་	དབུགས་	NOUN
ཆད་	ཆད་	VERB
ལ་	ལ་	ADP
ཁད་	ཁད་	NOUN
ཁད་པ་	ཁད་པ་	NOUN
བྱུང་	བྱུང་	VERB
ཚེ་	ཚེ་	NOUN
།		PUNCT
ནོར་	ནོར་	NOUN
གྱིས་	གིས་	PART
བླུར་		NON_WORD
མེད་	མེད་	VERB
།		PUNCT
མཛངས་པ་	མཛངས་པ་	VERB
དང་	དང་	NO_POS
།		PUNCT
གཟུགས་བྱད་	གཟུགས་བྱད་	NOUN
མཛེས་པ་	མཛེས་པ་	VERB
དང་	དང་	NO_POS
།		PUNCT
དཔའ་	དཔའ་	NOUN
ཞིང་	ཞིང་	ADP
རྟུལ་ཕོད་པ་	རྟུལ་ཕོད་པ་	OTHER
དང་	དང་	NO_POS
།		PUNCT
མངའ་ཐང་	མངའ་ཐང་	NOUN
དང་	དང་	NO_POS
།		PUNCT
ས་མཁར་	ས་མཁར་	NOUN
དང་	དང་	NO_POS
།		PUNCT
གཉེན་	གཉེན་	NOUN
གྱིས་	གིས་	PART
ཅི་	ཅི་	NO_POS
བྱ་	བྱ་	VERB
ར་	ལ་	PART
ཡང་	ཀྱང་	PART
མེད་པ་	མེད་པ་	VERB
ར་	ལ་	PART
།		PUNCT
གཅིག་པུ་	གཅིག་པུ་	ADJ
ག་ཤེད་	ག་ཤེད་	NOUN
དུ་	ལ་	PART
སྒྲེན་མོ་	སྒྲེན་མོ་	ADJ
ལག་	ལག་	NOUN
སྟོང་	སྟོང་	NUM
དུ་	ལ་	PART
ནི་	ནི་	NO_POS
འགྲོ་	འགྲོ་	VERB
།		PUNCT
བར་དོ་	བར་དོ་	NOUN
འི་	གི་	PART
འཇིགས་པ་	འཇིགས་པ་	VERB
ནི་	ནི་	NO_POS
དྲན་	དྲན་	VERB
།		PUNCT
ཚེ་	ཚེ་	NOUN
ཕྱི་མ་	ཕྱི་མ་	ADJ
ག་	ག་	NOUN
འགྲོ་	འགྲོ་	VERB
ནི་	ནི་	NO_POS
མེད་	མེད་	VERB
།		PUNCT
འདི་	འདི་	DET
ར་	ལ་	PART
མི་	མི་	PART
ཕན་པ་	ཕན་པ་	VERB
ཕན་པ་	ཕན་པ་	VERB
ར་	ལ་	PART
བཟུང་བ་	བཟུང་བ་	VERB
ས་	གིས་	PART
ནི་	ནི་	NO_POS
ནོངས་	ནོངས་	NO_POS
།		PUNCT
དུས་	དུས་	NOUN
དེ་	དེ་	DET
འི་	གི་	PART
ཚེ་	ཚེ་	NOUN
ཆོ་	ཆོ་	NOUN
མེད་པ་	མེད་པ་	VERB
འི་	གི་	PART
འགྱོད་པ་	འགྱོད་པ་	VERB
དྲག་པོ་	དྲག་པོ་	ADJ
།		PUNCT
སྐྱིད་པ་	སྐྱིད་པ་	VERB
འི་	གི་	PART
རྒྱལ་པོ་	རྒྱལ་པོ་	NOUN
ན་	ནས་	PART
སྡུག་པ་	སྡུག་པ་	VERB
འི་	གི་	PART
ཡ་	ཡ་	NOUN
གཤན་	གཤན་	NO_POS
གྱི་	གི་	PART
བ་	བ་	NOUN
ཐམས་ཅད་	ཐམས་ཅད་	DET
ལ་	ལ་	ADP
འབྱུང་	འབྱུང་	VERB
གི་	གི་	PART
འདུག་པ་	འདུག་པ་	VERB
ལ་	ལ་	ADP
བསམས་	བསམས་	VERB
ཀྱང་	ཀྱང་	PART
།		PUNCT
དམ་པ་	དམ་པ་	VERB
འི་	གི་	PART
ཆོ་	ཆོ་	NOUN
ལ་	ལ་	ADP
འབད་	འབད་	VERB
རིགས་	རིགས་	NOUN
ཏེ་	སྟེ་	PART
།		PUNCT
མགོ་	མགོ་	NOUN
འམ་	གམ་	PART
གོ་	གོ་	NOUN
ལ་	ལ་	ADP
གློ་བུ་	གློ་བུ་	OTHER
མེ་	མེ་	NOUN
ཤོ་	ཤོ་	NOUN
ར་	ལ་	PART
ན་	ན་	ADP
། །		PUNCT
དེ་དག་	དེ་དག་	OTHER
ཕྱིར་བཟློག་	ཕྱིར་བཟློག་	NO_POS
བགྱི་བ་	བགྱི་བ་	VERB
བཏང་	བཏང་	VERB
ན་	ནས་	PART
ཀྱང་	ཀྱང་	PART
། །		PUNCT
ཡང་སྲིད་	ཡང་སྲིད་	OTHER
མེད་	མེད་	VERB
བགྱི་	བགྱི་	VERB
འི་	གི་	PART
སླད་	སླད་	NOUN
དུ་	ལ་	PART
འབད་	འབད་	VERB
འཚལ་	འཚལ་	VERB
ཏེ་	སྟེ་	PART
། །		PUNCT
འདི་	འདི་	DET
བ་	བ་	ADP
ཆེ་	ཆེ་	VERB
མཆོག་	མཆོག་	ADJ
དགོས་པ་	དགོས་པ་	VERB
གཞན་མ་	གཞན་མ་	PRON
མཆིས་	མཆིས་	VERB
། །		PUNCT
ཞེ་	ཅེས་	PART
གསུངས་པ་	གསུངས་པ་	VERB
བཞིན་	བཞིན་	NOUN
ནོ་	གོ་	PART
། །		PUNCT
ཅིས་ཀྱང་	ཅིས་ཀྱང་	NO_POS
མི་	མི་	PART
སྟོངས་	སྟོངས་	VERB
བ་	བ་	NOUN
འཆི་བ་	འཆི་བ་	VERB
བསམ་པ་	བསམ་པ་	VERB
ནི་	ནི་	NO_POS
།		PUNCT
འཆི་བ་	འཆི་བ་	VERB
ས་	གིས་	PART
མི་	མི་	PART
ཚུགས་པ་	ཚུགས་པ་	VERB
འི་	གི་	PART
ས་ཕྱོགས་	ས་ཕྱོགས་	NOUN
ནི་	ནི་	NO_POS
གང་	གང་	NO_POS
དུའང་		NON_WORD
ཡོད་པ་	ཡོད་པ་	VERB
མ་	མ་	PART
ཡིན་	ཡིན་	NO_POS
ཏེ་	སྟེ་	PART
།		PUNCT
དཔའ་བོ་	དཔའ་བོ་	NOUN
ས་	གིས་	PART
།		PUNCT
ས་	ས་	ADP
འམ་	གམ་	PART
འོན་ཏེ་	འོན་ཏེ་	NO_POS
མཐོ་རིས་	མཐོ་རིས་	NOUN
ན་	ན་	ADP
། །		PUNCT
སྐྱེ་	སྐྱེ་	VERB
ན་	ནས་	PART
ལ་ལ་	ལ་ལ་	PRON
མ་	མ་	PART
ཤི་བ་	ཤི་བ་	VERB
། །		PUNCT
འགའ་ཞིག་	འགའ་ཞིག་	OTHER
ཁྱོད་	ཁྱོད་	PRON
ཀྱིས་	གིས་	PART
མཐོང་བ་	མཐོང་བ་	VERB
འམ་	གམ་	PART
། །		PUNCT
ཐོ་	ཐོ་	VERB
སམ་	གམ་	PART
འོན་ཏེ་	འོན་ཏེ་	NO_POS
ཐེ་ཚོམ་	ཐེ་ཚོམ་	NOUN
ཟ་	ཟ་	VERB
། །		PUNCT
ཞེ་	ཅེས་	PART
དང་	དང་	NO_POS
།		PUNCT
ཡང་	ཀྱང་	PART
།		PUNCT
དྲང་སྲོང་	དྲང་སྲོང་	NOUN
ཆེན་པོ་	ཆེན་པོ་	ADJ
ལྔ་	ལྔ་	NUM
མངོན་ཤེས་	མངོན་ཤེས་	NOUN
། །		PUNCT
མཁའ་	མཁའ་	NOUN
ལ་	ལ་	ADP
རྒྱང་རིང་	རྒྱང་རིང་	ADJ
འགྲོ་བ་	འགྲོ་བ་	VERB
ཡང་	ཀྱང་	PART
། །		PUNCT
གང་	གང་	NO_POS
ན་	ན་	ADP
སྤྱོད་ཡུལ་	སྤྱོད་ཡུལ་	NOUN
འཆི་མེད་པ་	འཆི་མེད་པ་	NOUN
། །		PUNCT
དེ་	དེ་	DET
ར་	ལ་	PART
ནི་	ནི་	NO_POS
འགྲོ་བ་	འགྲོ་བ་	VERB
ར་	ལ་	PART
ནུས་པ་	ནུས་པ་	VERB
མེད་	མེད་	VERB
། །		PUNCT
ཅེས་	ཅེས་	PART
གསུངས་	གསུངས་	VERB
ཤིང་	ཅིང་	PART
།		PUNCT
སྲ་བ་	སྲ་བ་	VERB
འི་	གི་	PART
ལྷུན་པོ་	ལྷུན་པོ་	OTHER
འང་	ཀྱང་	PART
ཐལ་བ་	ཐལ་བ་	NOUN
ཙམ་	ཙམ་	DET
དུ་མ་	དུ་མ་	ADJ
ལུས་པ་	ལུས་པ་	VERB
ར་	ལ་	PART
འཇིག་	འཇིག་	VERB
ཅིང་	ཅིང་	PART
།		PUNCT
རྒྱ་མཚོ་	རྒྱ་མཚོ་	NOUN
ཆེན་པོ་	ཆེན་པོ་	ADJ
ཟབ་པ་	ཟབ་པ་	VERB
ཡང་	ཀྱང་	PART
སྐེམ་པ་	སྐེམ་པ་	NO_POS
ར་	ལ་	PART
འགྱུར་	འགྱུར་	VERB
ན་	ན་	ADP
།		PUNCT
ལུས་ཅན་	ལུས་ཅན་	NOUN
གྱི་	གི་	PART
ལུས་	ལུས་	NOUN
ཉམ་ཆུང་བ་	ཉམ་ཆུང་བ་	ADJ
ཅིའི་ཕྱིར་	ཅིའི་ཕྱིར་	NO_POS
མི་	མི་	PART
འཇིག་	འཇིག་	VERB
སྟེ་	སྟེ་	PART
།		PUNCT
དེ་ཉིད་	དེ་ཉིད་	NOUN
ཀྱིས་	གིས་	PART
།		PUNCT
གང་	གང་	NO_POS
དུ་	ལ་	PART
ས་	ས་	ADP
རྣམས་	རྣམས་	DET
བསྲེགས་	བསྲེགས་	NO_POS
གྱུར་བ་	གྱུར་བ་	VERB
། །		PUNCT
ལྷུན་པོ་	ལྷུན་པོ་	OTHER
ཐལ་བ་	ཐལ་བ་	NOUN
ར་	ལ་	PART
འཇིག་པ་	འཇིག་པ་	VERB
དང་	དང་	NO_POS
། །		PUNCT
རྒྱ་མཚོ་	རྒྱ་མཚོ་	NOUN
འི་	གི་	PART
ཆུ་	ཆུ་	NOUN
ཡང་	ཀྱང་	PART
བསྐམས་	བསྐམས་	NO_POS
འགྱུར་	འགྱུར་	VERB
ན་	ན་	ADP
། །		PUNCT
ལུས་ཅན་	ལུས་ཅན་	NOUN
དེ་དག་	དེ་དག་	OTHER
ལྟ་ཅི་	ལྟ་ཅི་	NO_POS
སྨོས་	སྨོས་	VERB
། །		PUNCT
ཞེ་	ཅེས་	PART
སོ་	སོ་	PART
། །		PUNCT
ད་དུང་	ད་དུང་	ADV
མི་	མི་	PART
འཆི་	འཆི་	VERB
བསམ་	བསམ་	NOUN
ན་	ན་	ADP
ཅིའི་ཕྱིར་	ཅིའི་ཕྱིར་	NO_POS
མི་	མི་	PART
འཆི་	འཆི་	VERB
སྟེ་	སྟེ་	PART
།		PUNCT
རང་	རང་	PRON
གི་	གི་	PART
ལུས་	ལུས་	NOUN
སྤྱི་བོ་	སྤྱི་བོ་	NOUN
འི་	གི་	PART
སྐྲ་	སྐྲ་	NOUN
ན་	ནས་	PART
རྐང་མཐིལ་	རྐང་མཐིལ་	NOUN
གྱི་	གི་	PART
བ་	བ་	NOUN
ཐམས་ཅད་	ཐམས་ཅད་	DET
ལ་	ལ་	ADP
ཞིབ་མོ་	ཞིབ་མོ་	ADJ
ར་	ལ་	PART
བརྟགས་	བརྟགས་	VERB
ན་	ན་	ADP
།		PUNCT
ཅི་	ཅི་	NO_POS
བ་	བ་	ADP
ཉམ་ཐག་པ་	ཉམ་ཐག་པ་	NOUN
།		PUNCT
གཉོམ་ཆུང་བ་	གཉོམ་ཆུང་བ་	NO_POS
།		PUNCT
མི་གཙང་བ་	མི་གཙང་བ་	NO_POS
།		PUNCT
རྟག་པ་	རྟག་པ་	VERB
འི་	གི་	PART
རང་བཞིན་	རང་བཞིན་	NOUN
ཅི་ཡང་	ཅི་ཡང་	OTHER
མེད་པ་	མེད་པ་	VERB
ས་	གིས་	PART
།		PUNCT
འདི་	འདི་	DET
ལ་	ལ་	ADP
གཙང་བ་	གཙང་བ་	VERB
ར་	ལ་	PART
བཟུང་	བཟུང་	NO_POS
།		PUNCT
རྟག་པ་	རྟག་པ་	VERB
ར་	ལ་	PART
བལྟ་	བལྟ་	VERB
།		PUNCT
བདག་	བདག་	PRON
ཏུ་	ལ་	PART
ཞེན་པ་	ཞེན་པ་	VERB
སྔོན་ཆད་	སྔོན་ཆད་	ADV
རང་	རང་	PRON
འཁྲུལ་པ་	འཁྲུལ་པ་	NO_POS
ས་	གིས་	PART
བསླུས་པ་	བསླུས་པ་	VERB
འབའ་ཞིག་	འབའ་ཞིག་	NO_POS
ཏུ་	ལ་	PART
ཟད་	ཟད་	VERB
ལ་	ལ་	ADP
།		PUNCT
སངས་རྒྱས་	སངས་རྒྱས་	NOUN
ཀྱི་	གི་	PART
སྐུ་རྡོ་རྗེ་	སྐུ་རྡོ་རྗེ་	NO_POS
ལྟ་བུ་	ལྟ་བུ་	NOUN
ཡང་	ཀྱང་	PART
ཞིག་	ཅིག་	PART
ན་	ན་	ADP
ང་	ང་	PRON
འི་	གི་	PART
ལུས་	ལུས་	NOUN
སྙིང་པོ་	སྙིང་པོ་	NOUN
མེད་པ་	མེད་པ་	VERB
འདི་	འདི་	DET
ཅིའི་ཕྱིར་	ཅིའི་ཕྱིར་	NO_POS
མི་	མི་	PART
འཇིག་	འཇིག་	VERB
ཅེས་	ཅེས་	PART
བསམ་པ་	བསམ་པ་	VERB
ར་	ལ་	PART
བྱ་	བྱ་	VERB
སྟེ་	སྟེ་	PART
།		PUNCT
ཅི་སྟེ་	ཅི་སྟེ་	NO_POS
སངས་རྒྱས་	སངས་རྒྱས་	NOUN
རྣམས་	རྣམས་	DET
ཀྱི་	གི་	PART
སྐུ་	སྐུ་	NOUN
། །		PUNCT
མཚན་	མཚན་	NOUN
དང་	དང་	NO_POS
དཔེ་བྱད་	དཔེ་བྱད་	NOUN
ཀྱིས་	གིས་	PART
བརྒྱན་པ་	བརྒྱན་པ་	VERB
། །		PUNCT
རྡོ་རྗེ་	རྡོ་རྗེ་	NOUN
འི་	གི་	PART
སྐུ་	སྐུ་	NOUN
ཡང་	ཀྱང་	PART
མི་རྟག་	མི་རྟག་	OTHER
ན་	ན་	ADP
། །		PUNCT
ཆུ་ཤིང་	ཆུ་ཤིང་	OTHER
སྙིང་པོ་	སྙིང་པོ་	NOUN
མེད་	མེད་	VERB
འདྲ་བ་	འདྲ་བ་	VERB
འི་	གི་	PART
། །		PUNCT
ལུས་ཅན་	ལུས་ཅན་	NOUN
གཞན་དག་	གཞན་དག་	NO_POS
སྨོས་ཅི་	སྨོས་ཅི་	NO_POS
དགོས་	དགོས་	VERB
། །		PUNCT
ཞེ་	ཅེས་	PART
གསུངས་	གསུངས་	VERB
སོ་	སོ་	PART
།། །།		PUNCT
གསུམ་པ་	གསུམ་པ་	NUM
ལ་	ལ་	ADP
ས་	གིས་	PART
རྒྱུ་འབྲས་	རྒྱུ་འབྲས་	NOUN
བསམ་པ་	བསམ་པ་	VERB
ནི་	ནི་	NO_POS
།		PUNCT
བསམ་སྦྱོར་	བསམ་སྦྱོར་	NOUN
གཉིས་ཀ་	གཉིས་ཀ་	OTHER
དགེ་བ་	དགེ་བ་	VERB
ས་	གིས་	PART
བྱས་པ་	བྱས་པ་	VERB
གཅིག་	གཅིག་	NUM
ཏུ་	ལ་	PART
དཀ་	དཀའ་	VERB
ར་པ་	ར་པ་	PART
འི་	གི་	PART
ལ་	ལ་	ADP
ས་	གིས་	PART
།		PUNCT
བསམ་སྦྱོར་	བསམ་སྦྱོར་	NOUN
གཉིས་ཀ་	གཉིས་ཀ་	OTHER
མི་དགེ་བ་	མི་དགེ་བ་	NO_POS
གཅིག་	གཅིག་	NUM
ཏུ་	ལ་	PART
གནག་པ་	གནག་པ་	VERB
འི་	གི་	PART
ལ་	ལ་	ADP
ས་	གིས་	PART
།		PUNCT
བསམ་སྦྱོར་	བསམ་སྦྱོར་	NOUN
གང་རུང་	གང་རུང་	NOUN
གཅིག་	གཅིག་	NUM
དགེ་	དགེ་	NOUN
གཞན་	གཞན་	DET
མི་དགེ་	མི་དགེ་	NOUN
ན་	ན་	ADP
འདྲེས་པ་	འདྲེས་པ་	VERB
འི་	གི་	PART
ལ་	ལ་	ADP
ས་	གིས་	PART
།		PUNCT
དང་པོ་	དང་པོ་	ADJ
ལ་	ལ་	ADP
ནི་	ནི་	NO_POS
རྣམ་སྨིན་	རྣམ་སྨིན་	NOUN
བདེ་བ་	བདེ་བ་	VERB
འབའ་ཞིག་པ་	འབའ་ཞིག་པ་	NO_POS
དང་	དང་	NO_POS
།		PUNCT
གཉིས་པ་	གཉིས་པ་	NUM
ལ་	ལ་	ADP
ནི་	ནི་	NO_POS
རྣམ་སྨིན་	རྣམ་སྨིན་	NOUN
སྡུག་བསྔལ་	སྡུག་བསྔལ་	NOUN
འབའ་ཞིག་པ་	འབའ་ཞིག་པ་	NO_POS
དང་	དང་	NO_POS
།		PUNCT
གསུམ་པ་	གསུམ་པ་	NUM
ལ་	ལ་	ADP
ནི་	ནི་	NO_POS
བདེ་སྡུག་	བདེ་སྡུག་	OTHER
འདྲེས་པ་	འདྲེས་པ་	VERB
ར་	ལ་	PART
འབྱུང་	འབྱུང་	VERB
ལ་	ལ་	ADP
།		PUNCT
དེ་ཡང་	དེ་ཡང་	ADV
སྟོབས་	སྟོབས་	NOUN
ཆེ་བ་	ཆེ་བ་	VERB
ཚེ་	ཚེ་	NOUN
འདི་	འདི་	DET
ལ་	ལ་	ADP
སྨིན་པ་	སྨིན་པ་	VERB
མཐོང་བ་	མཐོང་བ་	VERB
འི་	གི་	PART
ཆོ་	ཆོ་	NOUN
ལ་	ལ་	ADP
མྱོང་བ་	མྱོང་བ་	VERB
ར་	ལ་	PART
འགྱུར་བ་	འགྱུར་བ་	VERB
འི་	གི་	PART
ལ་	ལ་	ADP
ས་	གིས་	PART
དང་	དང་	NO_POS
།		PUNCT
སྐྱེ་བ་	སྐྱེ་བ་	VERB
རྟིང་མ་	རྟིང་མ་	NO_POS
ར་	ལ་	PART
འབྱུང་བ་	འབྱུང་བ་	VERB
ཕྱི་མ་	ཕྱི་མ་	ADJ
ར་	ལ་	PART
མྱོང་བ་	མྱོང་བ་	VERB
།		PUNCT
སྐྱེ་བ་	སྐྱེ་བ་	VERB
མང་པོ་	མང་པོ་	ADJ
བརྒྱུད་	བརྒྱུད་	NO_POS
ན་	ནས་	PART
སྨིན་པ་	སྨིན་པ་	VERB
ལན་	ལན་	NOUN
གྲངས་	གྲངས་	NOUN
གཞན་	གཞན་	DET
ལ་	ལ་	ADP
མྱོང་བ་	མྱོང་བ་	VERB
ར་	ལ་	PART
འགྱུར་བ་	འགྱུར་བ་	VERB
སྟེ་	སྟེ་	PART
།		PUNCT
དེ་ལྟ་	དེ་ལྟ་	NO_POS
རང་	རང་	PRON
གིས་	གིས་	PART
བྱ་	བྱ་	VERB
ཤིང་	ཅིང་	PART
བསགས་པ་	བསགས་པ་	VERB
འི་	གི་	PART
ལ་	ལ་	ADP
ས་	གིས་	PART
ནི་	ནི་	NO_POS
རང་ཉིད་	རང་ཉིད་	OTHER
ཀྱི་	གི་	PART
ཕུང་པོ་	ཕུང་པོ་	NOUN
འབའ་ཞིག་	འབའ་ཞིག་	NO_POS
ལ་	ལ་	ADP
སྨིན་པ་	སྨིན་པ་	VERB
ར་	ལ་	PART
འགྱུར་བ་	འགྱུར་བ་	VERB
ས་	གིས་	PART
།		PUNCT
སྡིག་ཏོ་	སྡིག་ཏོ་	NO_POS
མི་དགེ་བ་	མི་དགེ་བ་	NO_POS
འི་	གི་	PART
ཕྱོགས་	ཕྱོགས་	NOUN
རྣམས་	རྣམས་	DET
ནི་	ནི་	NO_POS
ཆུང་ངུ་	ཆུང་ངུ་	ADJ
ཆུང་ངུ་	ཆུང་ངུ་	ADJ
ཡིན་	ཡིན་	NO_POS
ཀྱང་	ཀྱང་	PART
སྤང་	སྤང་	VERB
ལ་	ལ་	ADP
།		PUNCT
དགེ་བ་	དགེ་བ་	VERB
འི་	གི་	PART
རྩ་བ་	རྩ་བ་	NOUN
ནི་	ནི་	NO_POS
ཆུང་ངུ་	ཆུང་ངུ་	ADJ
ཆུང་ངུ་	ཆུང་ངུ་	ADJ
ཡིན་	ཡིན་	NO_POS
ཀྱང་	ཀྱང་	PART
བསྐྱེད་པ་	བསྐྱེད་པ་	VERB
ར་	ལ་	PART
བྱ་	བྱ་	VERB
སྟེ་	སྟེ་	PART
།		PUNCT
དུག་	དུག་	NOUN
ཆུང་ངུ་	ཆུང་ངུ་	ADJ
ས་	གིས་	PART
མི་ཆེན་པོ་	མི་ཆེན་པོ་	NOUN
གསོད་པ་	གསོད་པ་	VERB
དང་	དང་	NO_POS
།		PUNCT
སྨན་	སྨན་	NOUN
ཆུང་ངུ་	ཆུང་ངུ་	ADJ
ས་	གིས་	PART
ཆེན་པོ་	ཆེན་པོ་	ADJ
འཇོམས་པ་	འཇོམས་པ་	VERB
འི་	གི་	PART
ཤེས་པ་	ཤེས་པ་	VERB
ར་	ལ་	PART
བྱ་	བྱ་	VERB
ཞིང་	ཞིང་	SCONJ
།		PUNCT
ལུས་ཅན་	ལུས་ཅན་	NOUN
རྣམས་	རྣམས་	DET
ཀྱི་	གི་	PART
སྐྱིད་སྡུག་	སྐྱིད་སྡུག་	NOUN
ལེགས་ཉེས་	ལེགས་ཉེས་	OTHER
ཐམས་ཅད་	ཐམས་ཅད་	DET
བསམ་པ་	བསམ་པ་	VERB
འི་	གི་	PART
རྗེས་སུ་	རྗེས་སུ་	OTHER
མི་	མི་	PART
འགྲོ་	འགྲོ་	VERB
།		PUNCT
ལ་	ལ་	ADP
ས་	གིས་	PART
ཀྱི་	གི་	PART
རྗེས་སུ་	རྗེས་སུ་	OTHER
འགྲོ་བ་	འགྲོ་བ་	VERB
ས་	གིས་	PART
སོ་	སོ་	PART
། །		PUNCT
ཇོ་བོ་	ཇོ་བོ་	NOUN
རྗེས་	རྗེས་	NOUN
།		PUNCT
བསམས་	བསམས་	VERB
ཚད་	ཚད་	NOUN
ཐོག་	ཐོག་	NOUN
ཏུ་	ལ་	PART
མི་	མི་	PART
ཁེལ་	ཁེལ་	NO_POS
། །		PUNCT
ཕ་རོལ་	ཕ་རོལ་	NOUN
ལ་	ལ་	ADP
ས་	གིས་	PART
ལ་	ལ་	ADP
ས་	གིས་	PART
གྲུབ་པ་	གྲུབ་པ་	VERB
ས་	གིས་	PART
། །		PUNCT
ལྷོད་	ལྷོད་	NO_POS
ཀྱིས་	གིས་	PART
གློད་	གློད་	NO_POS
ན་	ན་	ADP
བདེ་	བདེ་	VERB
འོ་	གོ་	PART
། །		PUNCT
ཞེ་	ཅེས་	PART
དང་	དང་	NO_POS
།		PUNCT
གཞན་	གཞན་	DET
ལ་	ལ་	ADP
ས་	གིས་	PART
།		PUNCT
ལ་	ལ་	ADP
ས་	གིས་	PART
ནི་	ནི་	NO_POS
གྲིབ་མ་	གྲིབ་མ་	NOUN
བཞིན་	བཞིན་	NOUN
དུ་	ལ་	PART
ཕྱི་བཞིན་	ཕྱི་བཞིན་	NOUN
འབྲང་	འབྲང་	VERB
། །		PUNCT
མི་ཚེ་	མི་ཚེ་	NOUN
ཕལ་ཆེ་		
སྡིག་པ་	སྡིག་པ་	VERB
འི་	གི་	PART
ལ་	ལ་	ADP
ས་	གིས་	PART
ལ་	ལ་	ADP
ཟད་	ཟད་	VERB
། །		PUNCT
ཕྱི་མ་	ཕྱི་མ་	ADJ
འི་	གི་	PART
འགྲོ་ས་	འགྲོ་ས་	VERB
ངན་སོང་	ངན་སོང་	NOUN
ཁོ་ན་	ཁོ་ན་	DET
ཡིན་	ཡིན་	NO_POS
། །		PUNCT
ཞེ་	ཅེས་	PART
དང་	དང་	NO_POS
།		PUNCT
ལ་	ལ་	ADP
ས་	གིས་	PART
བརྒྱ་ལ་	བརྒྱ་ལ་	NO_POS
ས་	གིས་	PART
།		PUNCT
ལུས་ཅན་	ལུས་ཅན་	NOUN
དག་	དག་	DET
གི་	གི་	PART
ལ་	ལ་	ADP
ས་	གིས་	PART
རྣམས་	རྣམས་	DET
ནི་	ནི་	NO_POS
། །		PUNCT
བསྐལ་པ་	བསྐལ་པ་	NOUN
བརྒྱ་	བརྒྱ་	NUM
ར་	ལ་	PART
ཡང་	ཀྱང་	PART
ཆུད་	ཆུད་	VERB
མི་	མི་	PART
ཟ་	ཟ་	VERB
། །		PUNCT
ཚོགས་	ཚོགས་	NOUN
ཤིང་	ཅིང་	PART
དུས་	དུས་	NOUN
ལ་	ལ་	ADP
བབ་པ་	བབ་པ་	VERB
ན་	ན་	ADP
། །		PUNCT
འབྲས་བུ་	འབྲས་བུ་	NOUN
ཉིད་	ཉིད་	DET
དུ་	ལ་	PART
སྨིན་པ་	སྨིན་པ་	VERB
ར་	ལ་	PART
འགྱུར་	འགྱུར་	VERB
། །		PUNCT
ཞེ་	ཅེས་	PART
དང་	དང་	NO_POS
།		PUNCT
ཕན་པ་	ཕན་པ་	VERB
འི་	གི་	PART
འབྲས་བུ་	འབྲས་བུ་	NOUN
བདེ་བ་	བདེ་བ་	VERB
ཆེ་	ཆེ་	VERB
། །		PUNCT
གནོད་པ་	གནོད་པ་	VERB
འི་	གི་	PART
འབྲས་བུ་	འབྲས་བུ་	NOUN
སྡུག་བསྔལ་	སྡུག་བསྔལ་	NOUN
འབྱུང་	འབྱུང་	VERB
། །		PUNCT
ཞེ་	ཅེས་	PART
དང་	དང་	NO_POS
།		PUNCT
སྡིག་པ་	སྡིག་པ་	VERB
ཅི་ཡང་	ཅི་ཡང་	OTHER
མི་	མི་	PART
བྱ་	བྱ་	VERB
ཞིང་	ཞིང་	SCONJ
། །		PUNCT
དགེ་བ་	དགེ་བ་	VERB
ཕུན་སུམ་	ཕུན་སུམ་	OTHER
ཚོགས་པ་	ཚོགས་པ་	VERB
ར་	ལ་	PART
སྤྱད་	སྤྱད་	VERB
། །		PUNCT
རང་	རང་	PRON
གི་	གི་	PART
སེམས་	སེམས་	NOUN
ནི་	ནི་	NO_POS
ཡོངས་སུ་	ཡོངས་སུ་	NO_POS
འདུལ་	འདུལ་	NO_POS
། །		PUNCT
འདི་	འདི་	DET
ནི་	ནི་	NO_POS
སངས་རྒྱས་	སངས་རྒྱས་	NOUN
བསྟན་པ་	བསྟན་པ་	VERB
ཡིན་	ཡིན་	NO_POS
། །		PUNCT
ཞེ་	ཅེས་	PART
གསུངས་	གསུངས་	VERB
སོ་	སོ་	PART
།། །།		PUNCT
བཞི་པ་	བཞི་པ་	ADJ
འཁོར་བ་	འཁོར་བ་	NOUN
འི་	གི་	PART
ཉེས་དམིགས་	ཉེས་དམིགས་	NOUN
བསྒོམ་པ་	བསྒོམ་པ་	VERB
ནི་	ནི་	NO_POS
།		PUNCT
དྲན་པ་	དྲན་པ་	VERB
ཉེ་	ཉེ་	NUM
གཞག་	གཞག་	VERB
ལ་	ལ་	ADP
ས་	གིས་	PART
།		PUNCT
སེམས་ཅན་	སེམས་ཅན་	NOUN
དམྱལ་བ་	དམྱལ་བ་	NOUN
དམྱལ་	དམྱལ་	VERB
མེ་	མེ་	NOUN
ས་	གིས་	PART
ཉམས་	ཉམས་	NOUN
། །		PUNCT
ཡི་དྭགས་	ཡི་དྭགས་	NOUN
བཀྲེས་	བཀྲེས་	VERB
ཤིང་	ཅིང་	PART
སྐོམ་པ་	སྐོམ་པ་	VERB
ས་	གིས་	PART
ཉམས་	ཉམས་	NOUN
། །		PUNCT
དུད་འགྲོ་	དུད་འགྲོ་	NOUN
གཅིག་	གཅིག་	NUM
ལ་	ལ་	ADP
གཅིག་	གཅིག་	NUM
ཟ་	ཟ་	NOUN
ཉམས་	ཉམས་	NOUN
། །		PUNCT
མི་	མི་	PART
དག་	དག་	DET
འཚོ་བ་	འཚོ་བ་	VERB
ཐུང་བ་	ཐུང་བ་	VERB
ས་	གིས་	PART
ཉམས་	ཉམས་	NOUN
། །		PUNCT
ལྷ་	ལྷ་	NOUN
དག་	དག་	DET
བག་མེད་པ་	བག་མེད་པ་	NOUN
ཡི་	གིས་	PART
ཉམས་	ཉམས་	NOUN
། །		PUNCT
ཞེ་	ཅེས་	PART
གསུངས་པ་	གསུངས་པ་	VERB
།		PUNCT
སེམས་ཅན་	སེམས་ཅན་	NOUN
དམྱལ་བ་	དམྱལ་བ་	NOUN
ནི་ལ་	ནི་ལ་	NO_POS
ས་	གིས་	PART
ལ་	ལ་	ADP
ས་	གིས་	PART
སྐྱེས་པ་	སྐྱེས་པ་	VERB
འི་	གི་	PART
གཤིན་རྗེ་	གཤིན་རྗེ་	OTHER
ས་	གིས་	PART
འཇིགས་	འཇིགས་	VERB
སུ་	སུ་	ADP
རུང་བ་	རུང་བ་	VERB
འི་	གི་	PART
མཚོན་ཆ་	མཚོན་ཆ་	NOUN
ས་	གིས་	PART
ཡང་	ཀྱང་	PART
བཏགས་	བཏགས་	VERB
ཤིང་	ཅིང་	PART
ཡང་	ཀྱང་	PART
གསོས་པ་	གསོས་པ་	VERB
ས་	གིས་	PART
ཡང་	ཀྱང་	PART
གསོས་	གསོས་	VERB
།		PUNCT
ཐིག་ནག་པོ་	ཐིག་ནག་པོ་	NO_POS
བཏབ་	བཏབ་	VERB
ན་	ནས་	PART
དེ་	དེ་	DET
སོག་ལེ་	སོག་ལེ་	NO_POS
ས་	གིས་	PART
གཏུབ་པ་	གཏུབ་པ་	VERB
ཐིག་ནག་	ཐིག་ནག་	NO_POS
།		PUNCT
ལྕགས་	ལྕགས་	NOUN
ཀྱི་	གི་	PART
རི་ལུང་	རི་ལུང་	NOUN
ལ་སོགས་པ་	ལ་སོགས་པ་	NO_POS
འི་	གི་	PART
གདོང་	གདོང་	NOUN
འདྲ་བ་	འདྲ་བ་	VERB
འི་	གི་	PART
བ་	བ་	NOUN
དུ་	ལ་	PART
འཐག་པ་	འཐག་པ་	VERB
བསྡུས་འཇོམས་	བསྡུས་འཇོམས་	NO_POS
།		PUNCT
གསལ་ཤིང་	གསལ་ཤིང་	NOUN
འབར་བ་	འབར་བ་	VERB
རྩེ་མོ་	རྩེ་མོ་	NOUN
གཅིག་པ་	གཅིག་པ་	ADJ
ས་	གིས་	PART
སྤྱི་བོ་	སྤྱི་བོ་	NOUN
ན་	ནས་	PART
ལུས་	ལུས་	NOUN
ཐལ་བྱུང་	ཐལ་བྱུང་	NO_POS
དུ་	ལ་	PART
འབུགས་པ་	འབུགས་པ་	NON_WORD
ངུ་འབོད་	ངུ་འབོད་	NOUN
།		PUNCT
གསལ་ཤིང་	གསལ་ཤིང་	NOUN
རྩེ་མོ་	རྩེ་མོ་	NOUN
གསུམ་པ་	གསུམ་པ་	NUM
ས་	གིས་	PART
འབིགས་པ་	འབིགས་པ་	VERB
ངུ་འབོད་	ངུ་འབོད་	NOUN
ཆེན་པོ་	ཆེན་པོ་	ADJ
།		PUNCT
ལུས་	ལུས་	NOUN
མེ་ལྕེ་	མེ་ལྕེ་	OTHER
འི་	གི་	PART
འཕྲེང་བ་	འཕྲེང་བ་	NOUN
ས་	གིས་	PART
སྲེག་པ་	སྲེག་པ་	VERB
ཚ་བ་	ཚ་བ་	VERB
།		PUNCT
ཁྲོ་ཆུ་	ཁྲོ་ཆུ་	OTHER
ཁོལ་མ་	ཁོལ་མ་	ADJ
ར་	ལ་	PART
འཚོད་པ་	འཚོད་པ་	VERB
རབ་ཏུ་	རབ་ཏུ་	NO_POS
ཚ་བ་	ཚ་བ་	VERB
།		PUNCT
ལུས་	ལུས་	NOUN
སྲེག་པ་	སྲེག་པ་	VERB
དང་	དང་	NO_POS
།		PUNCT
ལྕགས་	ལྕགས་	NOUN
ཀྱི་	གི་	PART
གཟེར་བུ་	གཟེར་བུ་	NOUN
གོ་མཚམས་	གོ་མཚམས་	NO_POS
མེད་པ་	མེད་པ་	VERB
ར་	ལ་	PART
བསྡམ་པ་	བསྡམ་པ་	NO_POS
དང་	དང་	NO_POS
།		PUNCT
ལྕེ་	ལྕེ་	NOUN
ལ་	ལ་	ADP
རྨོན་དོར་	རྨོན་དོར་	NO_POS
ལྔ་	ལྔ་	NUM
བརྒྱ་	བརྒྱ་	NUM
ས་	གིས་	PART
རྨོད་པ་	རྨོད་པ་	NO_POS
སོགས་	སོགས་	DET
སྡུག་བསྔལ་	སྡུག་བསྔལ་	NOUN
དྲག་པོ་	དྲག་པོ་	ADJ
ས་	གིས་	PART
མནར་བ་	མནར་བ་	VERB
ས་	གིས་	PART
མནར་མེད་	མནར་མེད་	NO_POS
དོ་	གོ་	PART
།		PUNCT
ཡུན་	ཡུན་	NOUN
།		PUNCT
ཡང་	ཀྱང་	PART
གསོས་	གསོས་	VERB
ལ་སོགས་	ལ་སོགས་	NO_POS
དྲུག་	དྲུག་	NUM
རིམ་བཞིན་	རིམ་བཞིན་	NO_POS
། །		PUNCT
འདོད་ལྷ་	འདོད་ལྷ་	NO_POS
འི་	གི་	PART
ཚེ་	ཚེ་	NOUN
དང་	དང་	NO_POS
ཉིན་ཞག་	ཉིན་ཞག་	NOUN
མཉམ་	མཉམ་	VERB
། །		PUNCT
དེས་ན་	དེས་ན་	NO_POS
དེ་དག་	དེ་དག་	OTHER
རྣམས་	རྣམས་	DET
ཀྱི་	གི་	PART
ཚེ་	ཚེ་	NOUN
། །		PUNCT
འདོད་ལྷ་	འདོད་ལྷ་	NO_POS
འི་	གི་	PART
ཚེ་	ཚེ་	NOUN
དང་	དང་	NO_POS
མཉམ་པ་	མཉམ་པ་	VERB
ཡིན་	ཡིན་	NO_POS
། །		PUNCT
རབ་ཏུ་	རབ་ཏུ་	NO_POS
ཚ་	ཚ་	VERB
ཕྱེད་	ཕྱེད་	NUM
མནར་མེད་	མནར་མེད་	NO_POS
ནི་	ནི་	NO_POS
།		PUNCT
བ་	བ་	NOUN
གྱི་	གི་	PART
བསྐལ་པ་	བསྐལ་པ་	NOUN
འོ་	གོ་	PART
། །		PUNCT
ཞེ་	ཅེས་	PART
གསུངས་	གསུངས་	VERB
སོ་	སོ་	PART
། །		PUNCT
གཞན་	གཞན་	DET
ཡང་	ཀྱང་	PART
།		PUNCT
ཆུ་བོ་	ཆུ་བོ་	NOUN
རབ་མེད་	རབ་མེད་	NO_POS
དུ་	ལ་	PART
ནུབ་པ་	ནུབ་པ་	VERB
དང་	དང་	NO_POS
།		PUNCT
ལོ་མ་	ལོ་མ་	NOUN
རལ་གྲི་	རལ་གྲི་	NOUN
འི་	གི་	PART
ནགས་ཚལ་	ནགས་ཚལ་	NOUN
དང་	དང་	NO_POS
།		PUNCT
ཚེར་མ་	ཚེར་མ་	NOUN
རྣོན་པོ་	རྣོན་པོ་	ADJ
འི་	གི་	PART
ཚལ་	ཚལ་	NOUN
དང་	དང་	NO_POS
།		PUNCT
སྤུ་གྲི་	སྤུ་གྲི་	NOUN
ས་	གིས་	PART
བལྟམ་པ་	བལྟམ་པ་	NON_WORD
འི་	གི་	PART
ལམ་	གམ་	PART
དང་	དང་	NO_POS
།		PUNCT
རིམ་པ་	རིམ་པ་	NOUN
མེད་པ་	མེད་པ་	VERB
ར་	ལ་	PART
འགྲོ་བ་	འགྲོ་བ་	VERB
དང་	དང་	NO_POS
།		PUNCT
ལྕགས་	ལྕགས་	NOUN
ཀྱི་	གི་	PART
ཐོ་ལུམ་	ཐོ་ལུམ་	NOUN
འབར་བ་	འབར་བ་	VERB
ཟ་བ་	ཟ་བ་	VERB
དང་	དང་	NO_POS
།		PUNCT
ཁྲོ་ཆུ་	ཁྲོ་ཆུ་	OTHER
འཐུང་བ་	འཐུང་བ་	VERB
དང་	དང་	NO_POS
།		PUNCT
ས་གཞི་	ས་གཞི་	NOUN
རབ་ཏུ་	རབ་ཏུ་	NO_POS
འབར་བ་	འབར་བ་	VERB
ར་	ལ་	PART
འདུག་པ་	འདུག་པ་	VERB
དང་	དང་	NO_POS
།		PUNCT
ཡོངས་སུ་	ཡོངས་སུ་	NO_POS
བསྒྱུར་	བསྒྱུར་	VERB
ཞིང་	ཞིང་	SCONJ
འབྲོས་པ་	འབྲོས་པ་	VERB
དང་	དང་	NO_POS
།		PUNCT
བརྒྱལ་བ་	བརྒྱལ་བ་	VERB
དང་	དང་	NO_POS
།		PUNCT
སྨྲེ་བ་	སྨྲེ་བ་	NO_POS
ལ་སོགས་པ་	ལ་སོགས་པ་	NO_POS
རྣམ་པ་	རྣམ་པ་	NOUN
སྣ་ཚོགས་པ་	སྣ་ཚོགས་པ་	DET
འི་	གི་	PART
གཟུགས་	གཟུགས་	NOUN
དུ་མ་	དུ་མ་	ADJ
ས་	གིས་	PART
སྡུག་བསྔལ་	སྡུག་བསྔལ་	NOUN
བརྒྱ་	བརྒྱ་	NUM
ཕྲག་	ཕྲག་	NUM
མང་པོ་	མང་པོ་	ADJ
མྱོང་	མྱོང་	VERB
ངོ་	ངོ་	PART
། །		PUNCT
གྲང་བ་	གྲང་བ་	VERB
འི་	གི་	PART
དམྱལ་བ་	དམྱལ་བ་	NOUN
།		PUNCT
ཆུ་བུར་	ཆུ་བུར་	NOUN
ཅན་	ཅན་	PART
དང་	དང་	NO_POS
།		PUNCT
ཆུ་བུར་	ཆུ་བུར་	NOUN
བརྡོལ་བ་	བརྡོལ་བ་	VERB
ཅན་	ཅན་	PART
དང་	དང་	NO_POS
།		PUNCT
ཨ་ཆུ་	ཨ་ཆུ་	NO_POS
ཟེར་བ་	ཟེར་བ་	VERB
དང་	དང་	NO_POS
།		PUNCT
ཀྱི་ཧུད་	ཀྱི་ཧུད་	INTJ
ཟེར་བ་	ཟེར་བ་	VERB
དང་	དང་	NO_POS
།		PUNCT
སོ་	སོ་	PART
ཐམ་ཐམ་པ་	ཐམ་ཐམ་པ་	NO_POS
དང་	དང་	NO_POS
།		PUNCT
ཨུཏྤལ་	ཨུཏྤལ་	NO_POS
ལྟ་	ལྟ་	OTHER
གས་པ་	གས་པ་	VERB
དང་	དང་	NO_POS
།		PUNCT
པདྨ་	པདྨ་	NOUN
ལྟ་	ལྟ་	OTHER
ཆེ་	ཆེ་	VERB
ར་	ལ་	PART
གས་པ་	གས་པ་	VERB
དང་	དང་	NO_POS
།		PUNCT
པདྨ་	པདྨ་	NOUN
ལྟ་	ལྟ་	OTHER
ཆེ་	ཆེ་	VERB
ར་	ལ་	PART
གས་པ་	གས་པ་	VERB
སྟེ་	སྟེ་	PART
།		PUNCT
ཤིན་ཏུ་	ཤིན་ཏུ་	NO_POS
གྲང་བ་	གྲང་བ་	VERB
འི་	གི་	PART
སྡུག་བསྔལ་	སྡུག་བསྔལ་	NOUN
མི་	མི་	PART
བཟོད་པ་	བཟོད་པ་	VERB
དང་	དང་	NO_POS
།		PUNCT
རལ་གྲི་	རལ་གྲི་	NOUN
རྣོན་པོ་	རྣོན་པོ་	ADJ
ཐོགས་པ་	ཐོགས་པ་	VERB
འི་	གི་	PART
གཤིན་རྗེ་	གཤིན་རྗེ་	OTHER
གཏུམ་པོ་	གཏུམ་པོ་	ADJ
ས་	གིས་	PART
བརྡེག་	བརྡེག་	VERB
ཅིང་	ཅིང་	PART
གཏུབ་པ་	གཏུབ་པ་	VERB
ལ་སོགས་པ་	ལ་སོགས་པ་	NO_POS
འི་	གི་	PART
སྡུག་བསྔལ་	སྡུག་བསྔལ་	NOUN
མྱོང་བ་	མྱོང་བ་	VERB
ཡང་	ཀྱང་	PART
།		PUNCT
ཏིལ་	ཏིལ་	NOUN
རྫང་		NON_WORD
ནང་	ནང་	NOUN
ན་	ནས་	PART
ལོ་	ལོ་	NOUN
བརྒྱ་	བརྒྱ་	NUM
བཞིན་	བཞིན་	NOUN
། །		PUNCT
ཏིལ་	ཏིལ་	NOUN
རེ་	རེ་	DET
ཕྱུང་བ་	ཕྱུང་བ་	VERB
ས་	གིས་	PART
ཟད་	ཟད་	VERB
གྱུར་པ་	གྱུར་པ་	VERB
། །		PUNCT
ཆུ་བུར་	ཆུ་བུར་	NOUN
ཅན་	ཅན་	PART
གྱི་	གི་	PART
ཚེ་	ཚེ་	NOUN
ཡིན་	ཡིན་	NO_POS
ཏེ་	སྟེ་	PART
། །		PUNCT
གཞན་	གཞན་	DET
གྱི་	གི་	PART
ཚེ་	ཚེ་	NOUN
ནི་	ནི་	NO_POS
ཉི་ཤུ་	ཉི་ཤུ་	NUM
བསྒྱུར་	བསྒྱུར་	VERB
། །		PUNCT
ཞེས་་	ཞེས་པ་	PART
འི་	གི་	PART
བ་	བ་	NOUN
དུའོ་		NON_WORD
། །		PUNCT
གཞན་	གཞན་	DET
ཡང་	ཀྱང་	PART
།		PUNCT
ཉི་ཚེ་བ་	ཉི་ཚེ་བ་	OTHER
དང་	དང་	NO_POS
ཉི་འཁོར་བ་	ཉི་འཁོར་བ་	NO_POS
སྟེ་	སྟེ་	PART
བཅོ་བརྒྱད་	བཅོ་བརྒྱད་	NO_POS
དོ་	གོ་	PART
། །		PUNCT
ཡི་དྭགས་	ཡི་དྭགས་	NOUN
ནི་	ནི་	NO_POS
།		PUNCT
ལུས་	ལུས་	NOUN
མེ་	མེ་	NOUN
འབར་བ་	འབར་བ་	VERB
།		PUNCT
ནང་ཁྲོལ་	ནང་ཁྲོལ་	NO_POS
གྱིས་	གིས་	PART
སྟོངས་པ་	སྟོངས་པ་	VERB
འི་	གི་	PART
སྒལ་པ་	སྒལ་པ་	NOUN
རི་	རི་	NOUN
འི་	གི་	PART
ཁྲོད་	ཁྲོད་	NOUN
ལྟ་བུ་	ལྟ་བུ་	NOUN
།		PUNCT
གཡོ་བ་	གཡོ་བ་	VERB
དང་	དང་	NO_POS
བྲལ་བ་	བྲལ་བ་	VERB
།		PUNCT
ཁ་	ཁ་	PRON
ཁབ་	ཁབ་	NOUN
ཀྱི་	གི་	PART
མིག་	མིག་	NOUN
ལྟ་	ལྟ་	OTHER
ཕྲ་བ་	ཕྲ་བ་	VERB
།		PUNCT
སྐྲ་	སྐྲ་	NOUN
རྩུབ་	རྩུབ་	VERB
ཅིང་	ཅིང་	PART
གྱེན་	གྱེན་	NOUN
དུ་	ལ་	PART
བརྫེས་པ་	བརྫེས་པ་	VERB
དང་	དང་	NO_POS
།		PUNCT
ཁ་ཅིག་	ཁ་ཅིག་	PRON
སྡོང་དུམ་	སྡོང་དུམ་	PROPN
མེ་	མེ་	NOUN
ས་	གིས་	PART
རེག་	རེག་	VERB
དང་	དང་	NO_POS
།		PUNCT
འགའ་ཞིག་	འགའ་ཞིག་	OTHER
ཕྱགས་	ཕྱགས་	NOUN
ཤིང་	ཅིང་	PART
ལྟ་བུ་	ལྟ་བུ་	NOUN
ལ་སོགས་པ་	ལ་སོགས་པ་	NO_POS
འི་	གི་	PART
གཟུགས་	གཟུགས་	NOUN
རྣམ་པ་	རྣམ་པ་	NOUN
སྣ་ཚོགས་	སྣ་ཚོགས་	DET
།		PUNCT
ཟས་སྐོམ་	ཟས་སྐོམ་	OTHER
གྱི་	གི་	PART
མིང་ཙམ་	མིང་ཙམ་	NO_POS
ཡང་	ཀྱང་	PART
མི་	མི་	PART
ཐོས་པ་	ཐོས་པ་	VERB
དང་	དང་	NO_POS
།		PUNCT
ངན་སྐྱུགས་	ངན་སྐྱུགས་	NOUN
ཟ་བ་	ཟ་བ་	VERB
དང་	དང་	NO_POS
།		PUNCT
ཟ་	ཟ་	NOUN
ཁྲོ་ཆུ་	ཁྲོ་ཆུ་	OTHER
ར་	ལ་	PART
གྱུར་	གྱུར་	VERB
ན་	ནས་	PART
ལུས་	ལུས་	NOUN
སྲེག་པ་	སྲེག་པ་	VERB
ལ་སོགས་པ་	ལ་སོགས་པ་	NO_POS
སྟེ་	སྟེ་	PART
།		PUNCT
བཤེས་	བཤེས་	VERB
སྤྲིང་	སྤྲིང་	NO_POS
ལ་	ལ་	ADP
ས་	གིས་	PART
།		PUNCT
ཡི་དྭགས་	ཡི་དྭགས་	NOUN
རྣམས་	རྣམས་	DET
ལ་སོ་	ལ་སོ་	NO_POS
ས་	གིས་	PART
ཀ་	ཀ་	DET
འི་	གི་	PART
དུས་	དུས་	NOUN
སུ་	སུ་	ADP
ནི་	ནི་	NO_POS
། །		PUNCT
ཟླ་བ་	ཟླ་བ་	NOUN
འང་	ཀྱང་	PART
ཚ་ལ་	ཚ་ལ་	NOUN
དགུན་	དགུན་	ADV
ནི་	ནི་	NO_POS
ཉི་མ་	ཉི་མ་	NOUN
འང་	ཀྱང་	PART
གྲང་	གྲང་	VERB
། །		PUNCT
ལྗོན་ཤིང་	ལྗོན་ཤིང་	NOUN
འབྲས་བུ་	འབྲས་བུ་	NOUN
མེད་	མེད་	VERB
འགྱུར་	འགྱུར་	VERB
དེ་དག་	དེ་དག་	OTHER
གིས་	གིས་	PART
། །		PUNCT
བལྟས་་	བལྟས་པ་	VERB
ཙམ་	ཙམ་	DET
གྱིས་	གིས་	PART
ཆུ་	ཆུ་	NOUN
ཀླུང་	ཀླུང་	NOUN
བསྐམས་པ་	བསྐམས་པ་	VERB
ར་	ལ་	PART
འགྱུར་	འགྱུར་	VERB
། །		PUNCT
ཞེ་	ཅེས་	PART
དང་	དང་	NO_POS
།		PUNCT
ཁ་ཅིག་	ཁ་ཅིག་	PRON
ཁ་	ཁ་	PRON
ནི་	ནི་	NO_POS
ཁབ་	ཁབ་	NOUN
ཀྱི་	གི་	PART
མིག་	མིག་	NOUN
ཙམ་	ཙམ་	DET
ལ་	ལ་	ADP
། །		PUNCT
ལྟོ་བ་	ལྟོ་བ་	NOUN
རི་	རི་	NOUN
ཡི་	ཡི་	ADP
ལྗོངས་	ལྗོངས་	NOUN
ཙམ་	ཙམ་	DET
བཀྲེས་པ་	བཀྲེས་པ་	VERB
ས་	གིས་	PART
ཉེན་	ཉེན་	VERB
། །		PUNCT
མི་གཙང་	མི་གཙང་	NO_POS
གྱི་	གི་	PART
ན་	ན་	ADP
ར་	ལ་	PART
བོར་བ་	བོར་བ་	VERB
ཅུང་ཟད་	ཅུང་ཟད་	ADV
ཙམ་	ཙམ་	DET
། །		PUNCT
འཚལ་	འཚལ་	VERB
བགྱི་	བགྱི་	VERB
མཐུ་	མཐུ་	NOUN
དང་	དང་	NO_POS
ལྡན་པ་	ལྡན་པ་	VERB
མ་	མ་	PART
ལགས་སོ་	ལགས་སོ་	NO_POS
། །		PUNCT
ཞེ་	ཅེས་	PART
དང་	དང་	NO_POS
།		PUNCT
ཚེ་ཚད་	ཚེ་ཚད་	NOUN
ནི་	ནི་	NO_POS
ཟླ་བ་	ཟླ་བ་	NOUN
ཉིན་ཞག་	ཉིན་ཞག་	NOUN
གིས་	གིས་	PART
ལྔ་	ལྔ་	NUM
བརྒྱ་	བརྒྱ་	NUM
། །		PUNCT
ཞེ་	ཅེས་	PART
དང་	དང་	NO_POS
།		PUNCT
ལྔ་	ལྔ་	NUM
སྟོང་	སྟོང་	NUM
དག་	དག་	DET
དང་	དང་	NO_POS
ཁྲི་	ཁྲི་	NUM
ར་	ལ་	PART
ཡང་	ཀྱང་	PART
འཆི་	འཆི་	VERB
མི་	མི་	PART
འགྱུར་	འགྱུར་	VERB
། །		PUNCT
ཞེ་	ཅེས་	PART
གསུངས་	གསུངས་	VERB
སོ་	སོ་	PART
། །		PUNCT
དུད་འགྲོ་	དུད་འགྲོ་	NOUN
ནི་	ནི་	NO_POS
གླེན་	གླེན་	VERB
ཞིང་	ཞིང་	SCONJ
རྨོངས་པ་	རྨོངས་པ་	VERB
དང་	དང་	NO_POS
།		PUNCT
གཅིག་	གཅིག་	NUM
ལ་	ལ་	ADP
གཅིག་	གཅིག་	NUM
ཟ་བ་	ཟ་བ་	VERB
དང་	དང་	NO_POS
།		PUNCT
གསོད་པ་	གསོད་པ་	VERB
དང་	དང་	NO_POS
།		PUNCT
བཀོལ་སྤྱོད་	བཀོལ་སྤྱོད་	OTHER
ལ་སོགས་པ་	ལ་སོགས་པ་	NO_POS
འི་	གི་	PART
སྡུག་བསྔལ་	སྡུག་བསྔལ་	NOUN
བགྲང་	བགྲང་	VERB
དུ་	ལ་	PART
མེད་པ་	མེད་པ་	VERB
སྟེ་	སྟེ་	PART
།		PUNCT
ཁ་ཅིག་	ཁ་ཅིག་	PRON
མུ་ཏིག་	མུ་ཏིག་	NOUN
བལ་	བལ་	PROPN
དང་རུས་་	དང་རུས་པ་	NO_POS
ཁྲག་	ཁྲག་	NOUN
།		PUNCT
ཤ་	ཤ་	NOUN
དང་	དང་	NO_POS
པགས་པ་	པགས་པ་	NOUN
འི་	གི་	PART
ཆེད་	ཆེད་	NOUN
དུ་	ལ་	PART
འཆི་བ་	འཆི་བ་	VERB
ར་	ལ་	PART
འགྱུར་	འགྱུར་	VERB
། །		PUNCT
དབང་མེད་	དབང་མེད་	ADJ
གཞན་དག་	གཞན་དག་	NO_POS
ལག་པ་	ལག་པ་	NOUN
རྡོག་པ་	རྡོག་པ་	NOUN
དང་	དང་	NO_POS
། །		PUNCT
ལྕགས་	ལྕགས་	NOUN
དང་	དང་	NO_POS
ལྕགས་ཀྱུ་	ལྕགས་ཀྱུ་	NOUN
བཏབ་པ་	བཏབ་པ་	VERB
ས་	གིས་	PART
གདབ་	གདབ་	NO_POS
སྟེ་	སྟེ་	PART
བཀོལ་	བཀོལ་	NO_POS
། །		PUNCT
ཞེ་	ཅེས་	PART
གསུངས་	གསུངས་	VERB
སོ་	སོ་	PART
། །		PUNCT
མི་ལ་	མི་ལ་	PROPN
སྐྱེ་	སྐྱེ་	NOUN
རྒ་	རྒ་	NO_POS
ན་	ན་	ADP
འཆི་	འཆི་	VERB
།		PUNCT
ལྷ་	ལྷ་	NOUN
ལ་	ལ་	ADP
འཆི་	འཆི་	VERB
འཕོ་	འཕོ་	VERB
ལྟུང་བྱེད་	ལྟུང་བྱེད་	NOUN
ཀྱི་	གི་	PART
སྡུག་བསྔལ་	སྡུག་བསྔལ་	NOUN
ཡོད་པ་	ཡོད་པ་	VERB
དེ་	དེ་	DET
རྣམས་	རྣམས་	DET
ལ་	ལ་	ADP
ནི་	ནི་	NO_POS
སྡུག་བསྔལ་	སྡུག་བསྔལ་	NOUN
གྱི་	གི་	PART
སྡུག་བསྔལ་	སྡུག་བསྔལ་	NOUN
ཞེ་	ཅེས་	PART
བྱ་	བྱ་	VERB
འོ་	གོ་	PART
། །		PUNCT
འགྱུར་བ་	འགྱུར་བ་	VERB
འི་	གི་	PART
སྡུག་བསྔལ་	སྡུག་བསྔལ་	NOUN
ནི་	ནི་	NO_POS
མཐོ་རིས་	མཐོ་རིས་	NOUN
ཀྱི་	གི་	PART
བདེ་བ་	བདེ་བ་	VERB
ཐམས་ཅད་	ཐམས་ཅད་	DET
དེ་	དེ་	DET
།		PUNCT
བཤེས་	བཤེས་	VERB
སྤྲིང་	སྤྲིང་	NO_POS
ལ་	ལ་	ADP
ས་	གིས་	PART
།		PUNCT
བརྒྱ་བྱིན་	བརྒྱ་བྱིན་	PROPN
འཇིག་རྟེན་	འཇིག་རྟེན་	NOUN
མཆོད་འོས་	མཆོད་འོས་	NO_POS
གྱུར་	གྱུར་	VERB
ན་	ནས་	PART
སུ་	སུ་	ADP
། །		PUNCT
ལ་	ལ་	ADP
ས་	གིས་	PART
ཀྱི་	གི་	PART
དབང་	དབང་	NOUN
གིས་	གིས་	PART
སླར་ཡང་	སླར་ཡང་	OTHER
ས་སྟེང་	ས་སྟེང་	NOUN
ལྷུང་	ལྷུང་	VERB
། །		PUNCT
ཞེ་	ཅེས་	PART
དང་	དང་	NO_POS
།		PUNCT
ཚངས་	ཚངས་	VERB
ཉིད་	ཉིད་	DET
ཆགས་བྲལ་	ཆགས་བྲལ་	NOUN
བདེ་བ་	བདེ་བ་	VERB
སྐྱེ་	སྐྱེ་	VERB
ན་	ནས་	PART
ཀྱང་	ཀྱང་	PART
། །		PUNCT
ལ་	ལ་	ADP
ས་	གིས་	PART
ཀྱི་	གི་	PART
དབང་	དབང་	NOUN
གིས་	གིས་	PART
ཡང་བྲན་	ཡང་བྲན་	NO_POS
ཉིད་	ཉིད་	DET
དུ་	ལ་	PART
འགྱུར་	འགྱུར་	VERB
། །		PUNCT
ཞེ་	ཅེས་	PART
གསུངས་པ་	གསུངས་པ་	VERB
ས་	གིས་	PART
སོ་	སོ་	PART
། །		PUNCT
འདུ་བྱེད་	འདུ་བྱེད་	NOUN
ཀྱི་	གི་	PART
སྡུག་བསྔལ་	སྡུག་བསྔལ་	NOUN
ཉེ་བ་		
ལེན་པ་	ལེན་པ་	VERB
འི་	གི་	PART
ཕུང་པོ་	ཕུང་པོ་	NOUN
ལྔ་	ལྔ་	NUM
སྟེ་	སྟེ་	PART
།		PUNCT
བྱིས་པ་	བྱིས་པ་	NOUN
ལག་མཐིལ་	ལག་མཐིལ་	NOUN
དང་	དང་	NO_POS
འདྲ་བ་	འདྲ་བ་	VERB
ས་	གིས་	PART
སྡུག་བསྔལ་	སྡུག་བསྔལ་	NOUN
དུ་མ་	དུ་མ་	ADJ
མཐོང་	མཐོང་	VERB
ལ་	ལ་	ADP
།		PUNCT
འཕགས་པ་	འཕགས་པ་	VERB
མིག་	མིག་	NOUN
དང་	དང་	NO_POS
འདྲ་བ་	འདྲ་བ་	VERB
ས་	གིས་	PART
སྡུག་བསྔལ་	སྡུག་བསྔལ་	NOUN
དུ་	ལ་	PART
གཟིགས་པ་	གཟིགས་པ་	VERB
འོ་	གོ་	PART
། །		PUNCT
དེ་ཡང་	དེ་ཡང་	ADV
།		PUNCT
བྱིས་པ་	བྱིས་པ་	NOUN
ལག་མཐིལ་	ལག་མཐིལ་	NOUN
འདྲ་བ་	འདྲ་བ་	VERB
ཡི་	གིས་	PART
། །		PUNCT
འདུ་བྱེད་	འདུ་བྱེད་	NOUN
སྡུག་བསྔལ་	སྡུག་བསྔལ་	NOUN
སྤུ་	སྤུ་	NOUN
མི་	མི་	PART
རྟོགས་	རྟོགས་	VERB
། །		PUNCT
འཕགས་པ་	འཕགས་པ་	VERB
མིག་	མིག་	NOUN
དང་	དང་	NO_POS
འདྲ་བ་	འདྲ་བ་	VERB
ཡི་	ཡི་	ADP
། །		PUNCT
དེ་	དེ་	DET
ཡི་	གིས་	PART
དེ་ཉིད་	དེ་ཉིད་	NOUN
ཡིད་	ཡིད་	NOUN
ཀྱང་	ཀྱང་	PART
འབྱུང་	འབྱུང་	VERB
། །		PUNCT
ཞེ་	ཅེས་	PART
དང་	དང་	NO_POS
།		PUNCT
རྣལ་འབྱོར་	རྣལ་འབྱོར་	NOUN
དབང་ཕྱུག་	དབང་ཕྱུག་	NOUN
གིས་	གིས་	PART
།		PUNCT
འཁོར་བ་	འཁོར་བ་	NOUN
སྐྱིད་	སྐྱིད་	NO_POS
མེད་	མེད་	VERB
ཀྱི་	གི་	PART
བཙོན་ར་	བཙོན་ར་	NOUN
ན་	ན་	ADP
། །		PUNCT
སྐྱིད་	སྐྱིད་	NO_POS
དུ་	ལ་	PART
རེ་	རེ་	DET
ན་	ནས་	PART
སྡུག་བསྔལ་	སྡུག་བསྔལ་	NOUN
སྤྱོད་	སྤྱོད་	VERB
། །		PUNCT
ཡུན་རིངས་	ཡུན་རིངས་	ADV
ཀྱི་	གི་	PART
ནད་པ་	ནད་པ་	NOUN
གཅོང་	གཅོང་	NO_POS
ཅན་	ཅན་	PART
བཞིན་	བཞིན་	NOUN
། །		PUNCT
སྦྱངས་	སྦྱངས་	VERB
སྦྱངས་	སྦྱངས་	VERB
ན་	ནས་	PART
འཆི་བ་	འཆི་བ་	VERB
ཡི་	ཡི་	ADP
རེ་	རེ་	DET
མུག་	མུག་	VERB
།		PUNCT
ཅེས་	ཅེས་	PART
གསུངས་པ་	གསུངས་པ་	VERB
བཞིན་	བཞིན་	NOUN
ཁམས་	ཁམས་	NOUN
གསུམ་	གསུམ་	NUM
འཁོར་བ་	འཁོར་བ་	NOUN
ཐམས་ཅད་	ཐམས་ཅད་	DET
སྡུག་བསྔལ་	སྡུག་བསྔལ་	NOUN
གྱི་	གི་	PART
རང་བཞིན་	རང་བཞིན་	NOUN
ཡིན་པ་	ཡིན་པ་	AUX
ས་	གིས་	PART
།		PUNCT
ཟག་བཅས་	ཟག་བཅས་	NOUN
ཐམས་ཅད་	ཐམས་ཅད་	DET
སྡུག་བསྔལ་བ་	སྡུག་བསྔལ་བ་	NOUN
ཞེ་	ཅེས་	PART
བྱ་	བྱ་	VERB
ལ་	ལ་	ADP
།		PUNCT
གཏན་	གཏན་	NOUN
དུ་	ལ་	PART
བདེ་བ་	བདེ་བ་	VERB
ནི་	ནི་	NO_POS
མྱ་ངན་	མྱ་ངན་	NOUN
ལ་	ལ་	ADP
ས་	གིས་	PART
འདས་པ་	འདས་པ་	VERB
གཅིག་	གཅིག་	NUM
བུ་	བུ་	NOUN
ཡིན་པ་	ཡིན་པ་	AUX
ས་	གིས་	PART
།		PUNCT
མྱ་ངན་	མྱ་ངན་	NOUN
ལ་	ལ་	ADP
ས་	གིས་	PART
འདས་པ་	འདས་པ་	VERB
འབའ་ཞིག་	འབའ་ཞིག་	NO_POS
ཞི་	ཞི་	VERB
ཞིང་	ཞིང་	SCONJ
བདེ་བ་	བདེ་བ་	VERB
འོ་	གོ་	PART
། །		PUNCT
གཉིས་པ་	གཉིས་པ་	NUM
ཐུན་མོང་	ཐུན་མོང་	ADJ
མ་ཡིན་པ་	མ་ཡིན་པ་	OTHER
འི་	གི་	PART
སྔོན་འགྲོ་	སྔོན་འགྲོ་	NOUN
ལ་	ལ་	ADP
།		PUNCT
རྒྱུ་	རྒྱུ་	NOUN
སྣོད་	སྣོད་	NOUN
དུ་	ལ་	PART
རུང་བ་	རུང་བ་	VERB
ར་	ལ་	PART
བྱེད་བ་	བྱེད་བ་	VERB
སྐྱབས་འགྲོ་	སྐྱབས་འགྲོ་	OTHER
སེམས་བསྐྱེད་	སེམས་བསྐྱེད་	NOUN
ཀྱི་	གི་	PART
ཁྲིད་	ཁྲིད་	VERB
།		PUNCT
འགལ་རྐྱེན་	འགལ་རྐྱེན་	NOUN
སྡིག་སྒྲིབ་	སྡིག་སྒྲིབ་	NOUN
སྤྱོང་བ་	སྤྱོང་བ་	NO_POS
ར་	ལ་	PART
བྱེད་པ་	བྱེད་པ་	VERB
རྡོ་རྗེ་	རྡོ་རྗེ་	NOUN
སེམས་དཔ་	སེམས་དཔའ་	NOUN
འི་	གི་	PART
བསྒོམ་	བསྒོམ་	VERB
བཟླས་	བཟླས་	NO_POS
།		PUNCT
ཚོགས་	ཚོགས་	NOUN
རྫོགས་པ་	རྫོགས་པ་	VERB
ར་	ལ་	PART
བྱེད་པ་	བྱེད་པ་	VERB
མཎྜལ་		NON_WORD
།		PUNCT
བྱིན་རླབས་	བྱིན་རླབས་	NOUN
འཇུག་པ་	འཇུག་པ་	VERB
ར་	ལ་	PART
བྱེད་པ་	བྱེད་པ་	VERB
བླ་མ་	བླ་མ་	NOUN
འི་	གི་	PART
རྣལ་འབྱོར་	རྣལ་འབྱོར་	NOUN
གྱི་	གི་	PART
ཁྲིད་	ཁྲིད་	VERB
དང་	དང་	NO_POS
བཞི་	བཞི་	NUM
ལ་	ལ་	ADP
ས་	གིས་	PART
།		PUNCT
དང་བོ་	དང་བོ་	NO_POS
རྒྱུ་	རྒྱུ་	NOUN
སྣོད་	སྣོད་	NOUN
དུ་	ལ་	PART
རུང་བ་	རུང་བ་	VERB
ར་	ལ་	PART
བྱེད་པ་	བྱེད་པ་	VERB
སྐྱབས་འགྲོ་	སྐྱབས་འགྲོ་	OTHER
སེམས་བསྐྱེད་	སེམས་བསྐྱེད་	NOUN
ཀྱི་	གི་	PART
ཁྲིད་	ཁྲིད་	VERB
ནི་	ནི་	NO_POS
།		PUNCT
རང་	རང་	PRON
གི་	གི་	PART
མདུན་	མདུན་	NOUN
གྱི་	གི་	PART
ནམ་མཁ་	ནམ་མཁའ་	NOUN
ར་	ལ་	PART
།		PUNCT
ལཾ་		NON_WORD
ལ་	ལ་	ADP
ས་	གིས་	PART
གསེར་	གསེར་	NOUN
གྱི་	གི་	PART
ས་གཞི་	ས་གཞི་	NOUN
ཁོད་	ཁོད་	NO_POS
སྙོམས་པ་	སྙོམས་པ་	VERB
འི་	གི་	PART
དབུ་	དབུ་	NOUN
སུ་	སུ་	ADP
།		PUNCT
བཾ་		NON_WORD
ལ་	ལ་	ADP
ས་	གིས་	PART
བདུད་རྩི་	བདུད་རྩི་	NOUN
འི་	གི་	PART
རྒྱ་མཚོ་	རྒྱ་མཚོ་	NOUN
།		PUNCT
དེ་	དེ་	DET
འི་	གི་	PART
དབུ་	དབུ་	NOUN
སུ་	སུ་	ADP
པཾ་		NON_WORD
ལ་	ལ་	ADP
ས་	གིས་	PART
དཔག་བསམ་	དཔག་བསམ་	OTHER
གྱི་	གི་	PART
ཤིང་	ཅིང་	PART
བལྟ་	བལྟ་	VERB
ན་	ན་	ADP
ཆོག་	ཆོག་	VERB
མི་	མི་	PART
ཤེས་པ་	ཤེས་པ་	VERB
འི་	གི་	PART
དབུ་	དབུ་	NOUN
སུ་	སུ་	ADP
།		PUNCT
རིན་པོ་ཆེ་	རིན་པོ་ཆེ་	ADJ
འི་	གི་	PART
ཁྲི་	ཁྲི་	NUM
ལ་རྩ་བ་	ལ་རྩ་བ་	NO_POS
འི་	གི་	PART
བླ་མ་	བླ་མ་	NOUN
ལ་	ལ་	ADP
བརྒྱུད་པ་	བརྒྱུད་པ་	VERB
འི་	གི་	PART
བླ་མ་	བླ་མ་	NOUN
ས་	གིས་	PART
བསྐོར་བ་	བསྐོར་བ་	VERB
།		PUNCT
མདུན་	མདུན་	NOUN
དུ་	ལ་	PART
ཡི་དམ་	ཡི་དམ་	NOUN
འཁོར་ལོ་	འཁོར་ལོ་	NOUN
སྡོམ་པ་	སྡོམ་པ་	NOUN
ལ་	ལ་	ADP
དཀྱིལ་འཁོར་	དཀྱིལ་འཁོར་	NOUN
གྱི་	གི་	PART
ལྷ་ཚོགས་	ལྷ་ཚོགས་	NOUN
ཐམས་ཅད་	ཐམས་ཅད་	DET
ཀྱིས་	གིས་	PART
བསྐོར་བ་	བསྐོར་བ་	VERB
།		PUNCT
གཡའ་	གཡའ་	NOUN
སུ་	སུ་	ADP
སངས་རྒྱས་	སངས་རྒྱས་	NOUN
ཤཱཀྱ་	ཤཱཀྱ་	PROPN
ཐུབ་པ་	ཐུབ་པ་	VERB
ལ་	ལ་	ADP
།		PUNCT
སངས་རྒྱས་	སངས་རྒྱས་	NOUN
ཐམས་ཅད་	ཐམས་ཅད་	DET
དང་	དང་	NO_POS
།		PUNCT
རྒྱབ་	རྒྱབ་	NOUN
ཏུ་	ལ་	PART
ཡུམ་	ཡུམ་	NOUN
ཆེན་	ཆེན་	NO_POS
མོ་ལ་	མོ་ལ་	NO_POS
དམ་པ་	དམ་པ་	VERB
འི་	གི་	PART
ཆོ་	ཆོ་	NOUN
པོ་ཏི་	པོ་ཏི་	NOUN
དང་	དང་	NO_POS
གླེགས་བམ་	གླེགས་བམ་	NOUN
གྱི་	གི་	PART
རྣམ་པ་	རྣམ་པ་	NOUN
ར་	ལ་	PART
བཞུགས་པ་	བཞུགས་པ་	VERB
།		PUNCT
གཡོན་	གཡོན་	NOUN
དུ་	ལ་	PART
བྱང་ཆུབ་	བྱང་ཆུབ་	NOUN
སེམས་དཔའ་	སེམས་དཔའ་	NOUN
སྤྱན་རས་	སྤྱན་རས་	NO_POS
གཟིགས་	གཟིགས་	VERB
ལ་	ལ་	ADP
བྱང་ཆུབ་	བྱང་ཆུབ་	NOUN
སེམས་དཔའ་	སེམས་དཔའ་	NOUN
དང་	དང་	NO_POS
།		PUNCT
ཉན་ཐོས་	ཉན་ཐོས་	NOUN
ཀྱི་	གི་	PART
དགེ་འདུན་	དགེ་འདུན་	NOUN
ཆེན་པོ་	ཆེན་པོ་	ADJ
ས་	གིས་	PART
བསྐོར་བ་	བསྐོར་བ་	VERB
།		PUNCT
ཕྱོགས་མཚམས་	ཕྱོགས་མཚམས་	NOUN
ཐམས་ཅད་	ཐམས་ཅད་	DET
དཔའ་བོ་	དཔའ་བོ་	NOUN
མཁའ་འགྲོ་	མཁའ་འགྲོ་	NOUN
མ་	མ་	PART
དམ་པ་	དམ་པ་	VERB
ཆོས་སྐྱོང་བ་	ཆོས་སྐྱོང་བ་	NOUN
འི་	གི་	PART
སྲུང་མ་	སྲུང་མ་	NOUN
ཐམས་ཅད་	ཐམས་ཅད་	DET
སྤྲིན་	སྤྲིན་	NOUN
གཏིབས་པ་	གཏིབས་པ་	VERB
བཞིན་	བཞིན་	NOUN
དུ་	ལ་	PART
བཞུགས་པ་	བཞུགས་པ་	VERB
འི་	གི་	PART
སྤྱན་སྔ་	སྤྱན་སྔ་	PROPN
ར་	ལ་	PART
།		PUNCT
སེམས་ཅན་	སེམས་ཅན་	NOUN
ཐམས་ཅད་	ཐམས་ཅད་	DET
ཀྱི་	གི་	PART
ཆེད་	ཆེད་	NOUN
དུ་	ལ་	PART
རྫོགས་པ་	རྫོགས་པ་	VERB
འི་	གི་	PART
སངས་རྒྱས་	སངས་རྒྱས་	NOUN
ཐོབ་པ་	ཐོབ་པ་	VERB
ར་	ལ་	PART
བྱ་	བྱ་	VERB
འོ་	གོ་	PART
སྙམ་པ་	སྙམ་པ་	VERB
འི་	གི་	PART
སྨོན་པ་	སྨོན་པ་	VERB
འི་	གི་	PART
བློ་	བློ་	NOUN
ས་	གིས་	PART
།		PUNCT
ཕྱོགས་	ཕྱོགས་	NOUN
བཅུ་		
བཞུགས་པ་	བཞུགས་པ་	VERB
འི་	གི་	PART
བླ་མ་	བླ་མ་	NOUN
དང་	དང་	NO_POS
། །		PUNCT
ཞེ་	ཅེས་	PART
སོགས་	སོགས་	DET
ཀྱི་	གི་	PART
སྐྱབས་འགྲོ་	སྐྱབས་འགྲོ་	OTHER
ལན་	ལན་	NOUN
གསུམ་	གསུམ་	NUM
སྔོན་	སྔོན་	ADV
དུ་	ལ་	PART
བཏང་	བཏང་	VERB
ན་	ནས་	PART
།		PUNCT
ཇི་ལྟ་		
དུས་གསུམ་	དུས་གསུམ་	OTHER
མགོན་པོ་	མགོན་པོ་	NOUN
རྣམས་	རྣམས་	DET
། །		PUNCT
ལ་སོགས་པ་	ལ་སོགས་པ་	NO_POS
སྔགས་	སྔགས་	NOUN
ཀྱི་	གི་	PART
གཞུང་ལས་	གཞུང་ལས་	NO_POS
གསུངས་པ་	གསུངས་པ་	VERB
འི་	གི་	PART
ཆོ་ག་	ཆོ་ག་	NOUN
ལན་	ལན་	NOUN
གསུམ་	གསུམ་	NUM
གྱིས་	གིས་	PART
བྱང་ཆུབ་	བྱང་ཆུབ་	NOUN
ཏུ་	ལ་	PART
སེམས་བསྐྱེད་	སེམས་བསྐྱེད་	NOUN
ལ་	ལ་	ADP
།		PUNCT
རང་	རང་	PRON
གི་	གི་	PART
ལུས་	ལུས་	NOUN
ཀྱི་	གི་	PART
བཀོད་པ་	བཀོད་པ་	VERB
གྲངས་མེད་	གྲངས་མེད་	NOUN
ཅིང་	ཅིང་	PART
བརྗོད་	བརྗོད་	VERB
དུ་	ལ་	PART
མེད་པ་	མེད་པ་	VERB
ར་	ལ་	PART
སྤྲུལ་	སྤྲུལ་	VERB
ཏེ་	སྟེ་	PART
།		PUNCT
མ་	མ་	PART
ནམ་མཁའ་	ནམ་མཁའ་	NOUN
དང་	དང་	NO_POS
མཉམ་པ་	མཉམ་པ་	VERB
འི་	གི་	PART
སེམས་ཅན་	སེམས་ཅན་	NOUN
ཐམས་ཅད་	ཐམས་ཅད་	DET
བླ་མ་	བླ་མ་	NOUN
སངས་རྒྱས་	སངས་རྒྱས་	NOUN
ཆོ་	ཆོ་	NOUN
ཀྱི་	གི་	PART
སྐུ་	སྐུ་	NOUN
ལ་	ལ་	ADP
སྐྱབས་	སྐྱབས་	NOUN
སུ་	སུ་	ADP
མཆིའོ་		NON_WORD
། །		PUNCT
དེ་བཞིན་	དེ་བཞིན་	OTHER
དུ་	ལ་	PART
།		PUNCT
བླ་མ་	བླ་མ་	NOUN
ལོངས་སྤྱོད་	ལོངས་སྤྱོད་	NOUN
རྫོགས་པ་	རྫོགས་པ་	VERB
འི་	གི་	PART
སྐུ་	སྐུ་	NOUN
ལ་	ལ་	ADP
།		PUNCT
བླ་མ་	བླ་མ་	NOUN
ཐུགས་རྗེ་	ཐུགས་རྗེ་	NOUN
སྤྲུལ་པ་	སྤྲུལ་པ་	VERB
འི་	གི་	PART
སྐུ་	སྐུ་	NOUN
ལ་	ལ་	ADP
།		PUNCT
བླ་མ་	བླ་མ་	NOUN
སངས་རྒྱས་	སངས་རྒྱས་	NOUN
རིན་པོ་ཆེ་	རིན་པོ་ཆེ་	ADJ
ལ་	ལ་	ADP
ཞེས་་	ཞེས་པ་	PART
ས་	གིས་	PART
ཕྱག་	ཕྱག་	NOUN
སྟོང་ཕྲག་	སྟོང་ཕྲག་	OTHER
གཅིག་	གཅིག་	NUM
བཙལ་	བཙལ་	NO_POS
ན་	ནས་	PART
།		PUNCT
ཡིད་	ཡིད་	NOUN
ཀྱིས་	གིས་	PART
ཀུན་	ཀུན་	DET
ཏུ་	ལ་	PART
དམིགས་	དམིགས་	VERB
ལ་	ལ་	ADP
།		PUNCT
ཇི་སྙེད་	ཇི་སྙེད་	OTHER
སུ་	སུ་	ADP
དག་	དག་	DET
ཕྱོགས་	ཕྱོགས་	NOUN
བཅུ་	བཅུ་	NUM
འི་	གི་	PART
འཇིག་རྟེན་	འཇིག་རྟེན་	NOUN
ན་	ན་	ADP
། །		PUNCT
ཞེ་	ཅེས་	PART
བྱ་བ་	བྱ་བ་	VERB
ལ་སོགས་པ་	ལ་སོགས་པ་	NO_POS
བྱང་ཆུབ་	བྱང་ཆུབ་	NOUN
སེམས་དཔའ་	སེམས་དཔའ་	NOUN
སེམས་དཔའ་	སེམས་དཔའ་	NOUN
ཆེན་པོ་	ཆེན་པོ་	ADJ
ཀུན་	ཀུན་	DET
ཏུ་	ལ་	PART
བཟང་པོ་	བཟང་པོ་	ADJ
འི་	གི་	PART
སྤྱོད་པ་	སྤྱོད་པ་	VERB
འི་	གི་	PART
སྨོན་ལམ་	སྨོན་ལམ་	NOUN
གྱི་	གི་	PART
ཚོགས་	ཚོགས་	NOUN
ཕྱག་	ཕྱག་	NOUN
བཙལ་བ་	བཙལ་བ་	VERB
ལ་སོགས་པ་	ལ་སོགས་པ་	NO_POS
ཡན་ལག་	ཡན་ལག་	NOUN
བདུན་	བདུན་	NUM
གྱི་	གི་	PART
ཚུལ་	ཚུལ་	NOUN
དུ་	ལ་	PART
མཆོད་པ་	མཆོད་པ་	VERB
རྣམས་	རྣམས་	DET
ཀྱིས་	གིས་	PART
ཡང་དག་པ་	ཡང་དག་པ་	ADJ
ར་	ལ་	PART
མཆོད་	མཆོད་	VERB
དོ་	གོ་	PART
། །		PUNCT
དེ་	དེ་	DET
འི་	གི་	PART
རྗེས་	རྗེས་	NOUN
ལ་	ལ་	ADP
མདུན་	མདུན་	NOUN
གྱི་	གི་	PART
ཡི་དམ་	ཡི་དམ་	NOUN
གཡའ་	གཡའ་	NOUN
བསྐོར་	བསྐོར་	VERB
དུ་	ལ་	PART
ཐིམ་པ་	ཐིམ་པ་	VERB
དབུ་	དབུ་	NOUN
ཀྱི་	གི་	PART
བླ་མ་	བླ་མ་	NOUN
གཙོ་འཁོར་	གཙོ་འཁོར་	OTHER
ལ་	ལ་	ADP
ཐིམ་	ཐིམ་	NO_POS
ཞིང་	ཞིང་	SCONJ
འཁོར་	འཁོར་	NOUN
རྣམས་	རྣམས་	DET
བླ་མ་	བླ་མ་	NOUN
དང་	དང་	NO_POS
།		PUNCT
དེ་	དེ་	DET
བདག་	བདག་	PRON
ལ་	ལ་	ADP
བསྟིམ་	བསྟིམ་	NO_POS
།		PUNCT
བསྔོ་བ་	བསྔོ་བ་	VERB
སྨོན་ལམ་	སྨོན་ལམ་	NOUN
བྱ་	བྱ་	VERB
འོ་	གོ་	PART
།། །།		PUNCT
གཉིས་པ་	གཉིས་པ་	NUM
འགལ་རྐྱེན་	འགལ་རྐྱེན་	NOUN
སྡིག་སྒྲིབ་	སྡིག་སྒྲིབ་	NOUN
སྦྱོང་བ་	སྦྱོང་བ་	VERB
ར་	ལ་	PART
བྱེད་པ་	བྱེད་པ་	VERB
རྡོ་རྗེ་	རྡོ་རྗེ་	NOUN
སེམས་དཔ་	སེམས་དཔའ་	NOUN
འི་	གི་	PART
བསྒོམ་	བསྒོམ་	VERB
བཟླས་	བཟླས་	NO_POS
ཀྱི་	གི་	PART
ཁྲིད་	ཁྲིད་	VERB
ནི་	ནི་	NO_POS
།		PUNCT
རང་	རང་	PRON
གི་	གི་	PART
སྤྱི་བོ་	སྤྱི་བོ་	NOUN
ར་	ལ་	PART
པཾ་		NON_WORD
ལ་	ལ་	ADP
ས་	གིས་	PART
པདྨ་	པདྨ་	NOUN
འདབ་མ་	འདབ་མ་	NOUN
བརྒྱད་པ་	བརྒྱད་པ་	NUM
འི་	གི་	PART
ལྟེ་བ་	ལྟེ་བ་	NOUN
ར་	ལ་	PART
།		PUNCT
ཨ་ལ་		
ཟླ་བ་	ཟླ་བ་	NOUN
འི་	གི་	PART
དཀྱིལ་འཁོར་	དཀྱིལ་འཁོར་	NOUN
གྱི་	གི་	PART
སྟེང་	སྟེང་	NOUN
དུ་	ལ་	PART
།		PUNCT
ཧཱུྃ་		NON_WORD
ལ་	ལ་	ADP
ས་	གིས་	PART
རྡོ་རྗེ་	རྡོ་རྗེ་	NOUN
དཀར་པོ་	དཀར་པོ་	ADJ
རྩེ་	རྩེ་	NOUN
ལྔ་པ་	ལྔ་པ་	NUM
ལྟེ་བ་	ལྟེ་བ་	NOUN
ལ་	ལ་	ADP
ཧཱུྃ་		NON_WORD
གིས་	གིས་	PART
མཚན་པ་	མཚན་པ་	VERB
།		PUNCT
དེ་ལས་	དེ་ལས་	NO_POS
འོད་འཕྲོ་	འོད་འཕྲོ་	NO_POS
ས་	གིས་	PART
འཕགས་པ་	འཕགས་པ་	VERB
མཆོད་	མཆོད་	VERB
།		PUNCT
སེམས་ཅན་	སེམས་ཅན་	NOUN
གྱི་	གི་	PART
དོན་	དོན་	NOUN
བྱ་	བྱ་	VERB
།		PUNCT
ཚུ་		
འདུ་	འདུ་	VERB
ཧཱུྃ་		NON_WORD
ལ་	ལ་	ADP
ཐིམ་	ཐིམ་	NO_POS
།		PUNCT
དེ་	དེ་	DET
ཡོངས་སུ་	ཡོངས་སུ་	NO_POS
གྱུར་པ་	གྱུར་པ་	VERB
ལ་	ལ་	ADP
ས་	གིས་	PART
།		PUNCT
རྡོ་རྗེ་	རྡོ་རྗེ་	NOUN
སེམས་དཔའ་	སེམས་དཔའ་	NOUN
སྐུ་མདོག་	སྐུ་མདོག་	NOUN
དཀར་པོ་	དཀར་པོ་	ADJ
ཞལ་	ཞལ་	NOUN
གཅིག་	གཅིག་	NUM
ཕྱག་	ཕྱག་	NOUN
གཉིས་	གཉིས་	NUM
རྡོ་རྗེ་	རྡོ་རྗེ་	NOUN
དང་	དང་	NO_POS
དྲིལ་བུ་	དྲིལ་བུ་	NOUN
འཛིན་པ་	འཛིན་པ་	VERB
ས་	གིས་	PART
ཡུམ་	ཡུམ་	NOUN
ལ་	ལ་	ADP
འཁྱུད་པ་	འཁྱུད་པ་	VERB
།		PUNCT
ཡུམ་	ཡུམ་	NOUN
རྡོ་རྗེ་	རྡོ་རྗེ་	NOUN
སྙེམས་	སྙེམས་	NO_POS
མ་	མ་	PART
དམར་མོ་	དམར་མོ་	ADJ
གྲི་གུག་	གྲི་གུག་	NOUN
དང་	དང་	NO_POS
ཐོད་པ་	ཐོད་པ་	NOUN
འཛིན་པ་	འཛིན་པ་	VERB
ས་	གིས་	PART
ཡབ་	ཡབ་	NOUN
ལ་	ལ་	ADP
འཁྱུད་པ་	འཁྱུད་པ་	VERB
།		PUNCT
གཉིས་ཀ་	གཉིས་ཀ་	OTHER
འང་	ཀྱང་	PART
རུས་པ་	རུས་པ་	NOUN
དང་	དང་	NO_POS
རིན་པོ་ཆེ་	རིན་པོ་ཆེ་	ADJ
འི་	གི་	PART
རྒྱན་	རྒྱན་	NOUN
ཐམས་ཅད་	ཐམས་ཅད་	DET
ཀྱིས་	གིས་	PART
བརྒྱན་པ་	བརྒྱན་པ་	VERB
། །		PUNCT
ཞབས་	ཞབས་	NOUN
རྡོ་རྗེ་	རྡོ་རྗེ་	NOUN
སྐྱིལ་ཀྲུང་	སྐྱིལ་ཀྲུང་	NOUN
གིས་	གིས་	PART
བཞུགས་པ་	བཞུགས་པ་	VERB
འི་	གི་	PART
དཔྲལ་བ་	དཔྲལ་བ་	NOUN
ར་	ལ་	PART
ཨོཾ་	ཨོཾ་	X
།		PUNCT
མགྲིན་པ་	མགྲིན་པ་	NOUN
ར་	ལ་	PART
ཨཱཿ་		NON_WORD
སྙིང་ག་	སྙིང་ག་	NOUN
ར་	ལ་	PART
ཧཱུྃ་		NON_WORD
།		PUNCT
དེ་ལས་	དེ་ལས་	NO_POS
འོད་འཕྲོ་	འོད་འཕྲོ་	NO_POS
ས་	གིས་	PART
།		PUNCT
བསྒོམས་པ་	བསྒོམས་པ་	VERB
དང་	དང་	NO_POS
འདྲ་བ་	འདྲ་བ་	VERB
འི་	གི་	PART
ཡེ་ཤེས་	ཡེ་ཤེས་	NOUN
སེམས་དཔའ་	སེམས་དཔའ་	NOUN
སྤྱན་	སྤྱན་	NOUN
དྲངས་	དྲངས་	NO_POS
།		PUNCT
ཛཿ་		NON_WORD
ཧཱུྃ་		NON_WORD
བཾ་		NON_WORD
ཧོཿ་		NON_WORD
དམ་ཚིག་པ་	དམ་ཚིག་པ་	NOUN
དང་	དང་	NO_POS
གཉིས་	གཉིས་	NUM
སུ་	སུ་	ADP
མེད་པ་	མེད་པ་	VERB
ར་	ལ་	PART
གྱུར་	གྱུར་	VERB
།		PUNCT
དེ་	དེ་	DET
འི་	གི་	PART
ཐུགས་ཀ་	ཐུགས་ཀ་	NOUN
ར་	ལ་	PART
ཟླ་བ་	ཟླ་བ་	NOUN
འི་	གི་	PART
དཀྱིལ་འཁོར་	དཀྱིལ་འཁོར་	NOUN
གྱི་	གི་	PART
སྟེང་	སྟེང་	NOUN
དུ་	ལ་	PART
ཧཱུྃ་		NON_WORD
ཡིག་	ཡིག་	NOUN
ཡེ་ཤེས་	ཡེ་ཤེས་	NOUN
ལྔ་	ལྔ་	NUM
དང་	དང་	NO_POS
ལྡན་པ་	ལྡན་པ་	VERB
འི་	གི་	PART
མཐའ་མ་	མཐའ་མ་	NOUN
ར་	ལ་	PART
།		PUNCT
ཨོཾ་	ཨོཾ་	X
བཛྲ་	བཛྲ་	NO_POS
སཏྭ་		NON_WORD
ས་	ས་	ADP
མ་	མ་	PART
ཡ་	ཡ་	NOUN
།		PUNCT
མ་ནུ་	མ་ནུ་	NO_POS
པཱ་	པཱ་	NO_POS
ལ་	ལ་	ADP
ཡ་	ཡ་	NOUN
།		PUNCT
བཛྲ་	བཛྲ་	NO_POS
སཏྭ་		NON_WORD
ཏྭེ་		NON_WORD
ནོ་པ་	ནོ་པ་	PART
ཏིཥྛ་		NON_WORD
།		PUNCT
དྲྀ་		NON_WORD
ཌྷོ་		NON_WORD
མེ་	མེ་	NOUN
བྷ་བ་	བྷ་བ་	NO_POS
།		PUNCT
སུ་	སུ་	ADP
ཏོ་	གོ་	PART
ཥྱོ་		NON_WORD
མེ་	མེ་	NOUN
བྷ་བ་	བྷ་བ་	NO_POS
།		PUNCT
སུ་པོ་	སུ་པོ་	ADP
ཥྱོ་		NON_WORD
མེ་	མེ་	NOUN
བྷ་བ་	བྷ་བ་	NO_POS
།		PUNCT
ཨ་ནུ་	ཨ་ནུ་	NOUN
རཀྟོ་		NON_WORD
མེ་	མེ་	NOUN
བྷ་བ་	བྷ་བ་	NO_POS
།		PUNCT
སརྦ་	སརྦ་	NO_POS
སིདྡྷི་		NON_WORD
མྨེ་		NON_WORD
པྲ་	པྲ་	NOUN
ཡཙྪ་		NON_WORD
།		PUNCT
སརྦ་	སརྦ་	NO_POS
ཀརྨ་	ཀརྨ་	NO_POS
སུ་	སུ་	ADP
ཙ་	ཙ་	NOUN
མེ་	མེ་	NOUN
ཙི་	ཙི་	NO_POS
ཏྟཾ་		NON_WORD
ཤྲི་		NON_WORD
ཡཿ་		NON_WORD
ཀུ་རུ་	ཀུ་རུ་	NO_POS
ཧཱུྃ་		NON_WORD
།		PUNCT
ཧ་	ཧ་	NOUN
ཧ་	ཧ་	NOUN
ཧ་	ཧ་	NOUN
ཧ་	ཧ་	NOUN
ཧོཿ་		NON_WORD
བྷ་	བྷ་	NO_POS
ག་	ག་	PRON
ཝ་	ཝ་	OTHER
ན་	ན་	ADP
སརྦ་	སརྦ་	NO_POS
ཏ་	ཏ་	OTHER
ཐཱ་		NON_WORD
ག་	ག་	PRON
ཏ་	ཏ་	OTHER
བཛྲ་	བཛྲ་	NO_POS
མཱ་	མཱ་	NO_POS
མེ་	མེ་	NOUN
མུཉྩ་		NON_WORD
།		PUNCT
བཛྲི་		NON_WORD
བྷ་བ་	བྷ་བ་	NO_POS
།		PUNCT
མཧཱ་	མཧཱ་	NO_POS
ས་	ས་	ADP
མ་	མ་	PART
ཡ་	ཡ་	NOUN
ས་	ས་	ADP
ཏྭ་		NON_WORD
ཨཱཿ་		NON_WORD
ཅེས་པ་	ཅེས་པ་	PART
ས་	གིས་	PART
བསྐོར་བ་	བསྐོར་བ་	VERB
།		PUNCT
དེ་ལས་	དེ་ལས་	NO_POS
འདུད་	འདུད་	NO_POS
རྩི་	རྩི་	NOUN
བྱང་ཆུབ་	བྱང་ཆུབ་	NOUN
སེམས་	སེམས་	NOUN
ཀྱི་	གི་	PART
རྒྱུན་	རྒྱུན་	NOUN
བབ་	བབ་	VERB
།		PUNCT
ཡབ་ཡུམ་	ཡབ་ཡུམ་	NOUN
གྱི་	གི་	PART
སྦྱོར་	སྦྱོར་	VERB
མཚམས་	མཚམས་	NOUN
ན་	ནས་	PART
ཐོན་	ཐོན་	VERB
།		PUNCT
སྤྱི་བོ་	སྤྱི་བོ་	NOUN
ཚངས་པ་	ཚངས་པ་	PROPN
འི་	གི་	PART
བུ་ག་	བུ་ག་	NOUN
ན་	ནས་	PART
ལུས་	ལུས་	NOUN
ཀྱི་	གི་	PART
ཕྱི་	ཕྱི་	OTHER
སོང་བ་	སོང་བ་	VERB
རྣམས་	རྣམས་	DET
ཀྱིས་	གིས་	PART
དྲི་མ་	དྲི་མ་	NOUN
དག་	དག་	DET
།		PUNCT
ནང་	ནང་	NOUN
དུ་	ལ་	PART
སོང་བ་	སོང་བ་	VERB
རྣམས་	རྣམས་	DET
ཀྱིས་	གིས་	PART
ཚེ་	ཚེ་	NOUN
འཁོར་བ་	འཁོར་བ་	NOUN
ཐོག་མ་	ཐོག་མ་	NOUN
མེད་པ་	མེད་པ་	VERB
ན་	ནས་	PART
བསགས་པ་	བསགས་པ་	VERB
འི་	གི་	PART
སྡིག་པ་	སྡིག་པ་	VERB
དང་	དང་	NO_POS
སྒྲིབ་པ་	སྒྲིབ་པ་	VERB
ཐམས་ཅད་	ཐམས་ཅད་	DET
དུད་ཁུ་	དུད་ཁུ་	NO_POS
དང་	དང་	NO_POS
སོལ་	སོལ་	VERB
ཁུ་	ཁུ་	PROPN
།		PUNCT
གདོན་བགེགས་	གདོན་བགེགས་	NO_POS
ཐམས་ཅད་	ཐམས་ཅད་	DET
སྡིག་སྦྲུལ་	སྡིག་སྦྲུལ་	NO_POS
སྦལ་ལྕོང་	སྦལ་ལྕོང་	NO_POS
གི་	གི་	PART
རྣམ་པ་	རྣམ་པ་	NOUN
ར་	ལ་	PART
དབང་པོ་	དབང་པོ་	NOUN
འི་	གི་	PART
སྒོ་	སྒོ་	NOUN
།		PUNCT
བ་སྤུ་	བ་སྤུ་	NOUN
འི་	གི་	PART
བུ་ག་	བུ་ག་	NOUN
ཐམས་ཅད་	ཐམས་ཅད་	DET
ན་	ནས་	PART
ཐོན་	ཐོན་	VERB
ན་	ནས་	PART
ལུས་	ལུས་	NOUN
ཐམས་ཅད་	ཐམས་ཅད་	DET
ཤེལ་	ཤེལ་	NOUN
གོང་	གོང་	NOUN
དྲི་མ་	དྲི་མ་	NOUN
མེད་པ་	མེད་པ་	VERB
ལྟ་བུ་	ལྟ་བུ་	NOUN
ར་	ལ་	PART
དྭངས་བ་	དྭངས་བ་	NO_POS
།		PUNCT
བྱང་ཆུབ་	བྱང་ཆུབ་	NOUN
སེམས་	སེམས་	NOUN
ཀྱིས་	གིས་	PART
གང་བ་	གང་བ་	VERB
ར་	ལ་	PART
བསམས་	བསམས་	VERB
ལ་	ལ་	ADP
།		PUNCT
ཡི་གེ་	ཡི་གེ་	NOUN
བརྒྱ་	བརྒྱ་	NUM
ཅི་རིགས་	ཅི་རིགས་	OTHER
བ་	བ་	NOUN
བཟླས་	བཟླས་	NO_POS
ན་	ནས་	PART
།		PUNCT
མགོན་པོ་	མགོན་པོ་	NOUN
བདག་	བདག་	PRON
ནི་	ནི་	NO_POS
མི་	མི་	PART
ཤེ་	ཤེ་	VERB
རྨོངས་པ་	རྨོངས་པ་	VERB
སྟེ་	སྟེ་	PART
། །		PUNCT
དམ་ཚིག་	དམ་ཚིག་	NOUN
ལ་	ལ་	ADP
ས་	གིས་	PART
ནི་	ནི་	NO_POS
འགལ་	འགལ་	VERB
ཞིང་	ཞིང་	SCONJ
ཉམས་	ཉམས་	NOUN
། །		PUNCT
བླ་མ་	བླ་མ་	NOUN
མགོན་པོ་	མགོན་པོ་	NOUN
ས་	གིས་	PART
སྐྱབས་	སྐྱབས་	NOUN
མཛོད་	མཛོད་	NOUN
ཅིག་	ཅིག་	PART
།		PUNCT
གཙོ་བོ་	གཙོ་བོ་	ADJ
རྡོ་རྗེ་	རྡོ་རྗེ་	NOUN
འཛིན་པ་	འཛིན་པ་	VERB
སྟེ་	སྟེ་	PART
། །		PUNCT
ཐུགས་རྗེ་	ཐུགས་རྗེ་	NOUN
ཆེན་པོ་	ཆེན་པོ་	ADJ
འི་	གི་	PART
བདག་ཉིད་	བདག་ཉིད་	NOUN
ཅན་	ཅན་	PART
། །		PUNCT
འགྲོ་བ་	འགྲོ་བ་	VERB
འི་	གི་	PART
གཙོ་	གཙོ་	NOUN
ལ་	ལ་	ADP
བདག་	བདག་	PRON
སྐྱབས་	སྐྱབས་	NOUN
མཆི་	མཆི་	NO_POS
། །		PUNCT
སྐུ་གསུང་ཐུགས་	སྐུ་གསུང་ཐུགས་	NOUN
རྩ་བ་	རྩ་བ་	NOUN
ཡན་ལག་	ཡན་ལག་	NOUN
གི་	གི་	PART
དམ་ཚིག་	དམ་ཚིག་	NOUN
ཉམས་པ་	ཉམས་པ་	VERB
ཐམས་ཅད་	ཐམས་ཅད་	DET
མཐོལ་	མཐོལ་	NO_POS
ལོ་	ལོ་	NOUN
བཤགས་	བཤགས་	NO_POS
སོ་	སོ་	PART
། །		PUNCT
ཞེ་	ཅེས་	PART
གསོལ་བ་	གསོལ་བ་	VERB
བཏབ་པ་	བཏབ་པ་	VERB
ས་	གིས་	PART
།		PUNCT
རྡོ་རྗེ་	རྡོ་རྗེ་	NOUN
སེམས་དཔ་	སེམས་དཔའ་	NOUN
ས་	གིས་	PART
རིགས་	རིགས་	NOUN
ཀྱི་	གི་	PART
བུ་	བུ་	NOUN
ཁྱོད་	ཁྱོད་	PRON
ཀྱི་	གི་	PART
ཉེས་ལྟུང་	ཉེས་ལྟུང་	NOUN
ཐམས་ཅད་	ཐམས་ཅད་	DET
དག་པ་	དག་པ་	VERB
ཡིན་	ཡིན་	NO_POS
ནོ་	གོ་	PART
། །		PUNCT
ཞེ་	ཅེས་	PART
གནང་བ་	གནང་བ་	NO_POS
སྦྱིན་	སྦྱིན་	VERB
རང་	རང་	PRON
ལ་	ལ་	ADP
ཐིམ་པ་	ཐིམ་པ་	VERB
ར་	ལ་	PART
བསམ་	བསམ་	NOUN
མོ་	མོ་	PRON
།། །།		PUNCT
གསུམ་པ་	གསུམ་པ་	NUM
ཚོགས་	ཚོགས་	NOUN
རྫོགས་པ་	རྫོགས་པ་	VERB
ར་	ལ་	PART
བྱེད་པ་	བྱེད་པ་	VERB
པཎྜལ་		NON_WORD
གྱི་	གི་	PART
ཁྲིད་	ཁྲིད་	VERB
ལ་	ལ་	ADP
།		PUNCT
སྔོན་འགྲོ་	སྔོན་འགྲོ་	NOUN
བསྒྲུབ་པ་	བསྒྲུབ་པ་	VERB
འི་	གི་	PART
མཎྜལ་		NON_WORD
དང་	དང་	NO_POS
།		PUNCT
དངོས་གཞི་	དངོས་གཞི་	NOUN
མཆོད་པ་	མཆོད་པ་	VERB
འི་	གི་	PART
མཎྜལ་		NON_WORD
གཉིས་	གཉིས་	NUM
ལ་	ལ་	ADP
ས་	གིས་	PART
།		PUNCT
སྔོན་འགྲོ་	སྔོན་འགྲོ་	NOUN
བསྒྲུབ་པ་	བསྒྲུབ་པ་	VERB
འི་	གི་	PART
མཎྜལ་		NON_WORD
ནི་	ནི་	NO_POS
།		PUNCT
རང་	རང་	PRON
གི་	གི་	PART
མདུན་	མདུན་	NOUN
གྱི་	གི་	PART
ནམ་མཁ་	ནམ་མཁའ་	NOUN
ར་	ལ་	PART
རི་རབ་	རི་རབ་	PROPN
གྲུ་བཞི་	གྲུ་བཞི་	ADJ
བང་རིམ་	བང་རིམ་	NOUN
བཞི་པ་	བཞི་པ་	ADJ
འི་	གི་	PART
སྟེང་	སྟེང་	NOUN
དུ་	ལ་	PART
།		PUNCT
པདྨ་	པདྨ་	NOUN
འདབ་མ་	འདབ་མ་	NOUN
བཞི་པ་	བཞི་པ་	ADJ
འི་	གི་	PART
དབུ་	དབུ་	NOUN
སུ་	སུ་	ADP
སེང་གེ་	སེང་གེ་	NOUN
ས་	གིས་	PART
བཏེགས་པ་	བཏེགས་པ་	NON_WORD
འི་	གི་	PART
ཁྲི་	ཁྲི་	NUM
ར་	ལ་	PART
བླ་མ་	བླ་མ་	NOUN
།		PUNCT
ཤ་	ཤ་	VERB
དུ་	ལ་	PART
ཡི་དམ་	ཡི་དམ་	NOUN
།		PUNCT
ལྷོ་	ལྷོ་	NOUN
ར་	ལ་	PART
སངས་རྒྱས་	སངས་རྒྱས་	NOUN
།		PUNCT
ནུབ་	ནུབ་	ADV
ཏུ་	ལ་	PART
ཆོ་	ཆོ་	NOUN
།		PUNCT
བྱང་	བྱང་	NOUN
དུ་	ལ་	PART
དགེ་འདུན་	དགེ་འདུན་	NOUN
།		PUNCT
གོང་	གོང་	NOUN
བཞིན་	བཞིན་	NOUN
དུ་	ལ་	PART
གསལ་བཏབ་བོ་	གསལ་བཏབ་བོ་	NO_POS
། །		PUNCT
གཉིས་པ་	གཉིས་པ་	NUM
མཆོད་པ་	མཆོད་པ་	VERB
འི་	གི་	PART
མཎྜལ་		NON_WORD
ནི་	ནི་	NO_POS
།		PUNCT
ཨོཾ་	ཨོཾ་	X
བཛྲ་	བཛྲ་	NO_POS
བྷཱུ་		NON_WORD
མི་	མི་	PART
ཨཱ་	ཨཱ་	NO_POS
ཧཱུྃ་		NON_WORD
ཞེ་	ཅེས་	PART
བརྗོད་	བརྗོད་	VERB
།		PUNCT
བ་	བ་	X
འི་	གི་	PART
ལྕི་བ་	ལྕི་བ་	VERB
འམ་	གམ་	PART
དྲི་	དྲི་	NOUN
བཟངས་	བཟངས་	VERB
ཀྱི་	གི་	PART
ཆུ་	ཆུ་	VERB
ས་	ས་	ADP
འི་	གི་	PART
ཕྱོགས་	ཕྱོགས་	NOUN
བྱུག་པ་	བྱུག་པ་	NOUN
ར་	ལ་	PART
བྱ་	བྱ་	VERB
འོ་	གོ་	PART
། །		PUNCT
དེ་ནས་	དེ་ནས་	NO_POS
དབུ་	དབུ་	NOUN
སུ་	སུ་	ADP
མེ་ཏོག་	མེ་ཏོག་	NOUN
བཞག་	བཞག་	VERB
སྟེ་	སྟེ་	PART
།		PUNCT
ཨོཾ་	ཨོཾ་	X
བཛྲ་	བཛྲ་	NO_POS
རེ་ཁེ་	རེ་ཁེ་	PROPN
ཨཱཿ་		NON_WORD
ཧཱུྃ་		NON_WORD
ཞེ་	ཅེས་	PART
བརྗོད་	བརྗོད་	VERB
ན་	ནས་	PART
བྱིན་	བྱིན་	VERB
གྱིས་	གིས་	PART
བརླབ་པ་	བརླབ་པ་	VERB
ར་	ལ་	PART
བྱ་	བྱ་	VERB
འོ་	གོ་	PART
། །		PUNCT
དེ་ནས་	དེ་ནས་	NO_POS
སྔགས་	སྔགས་	NOUN
བརྗོད་	བརྗོད་	VERB
ཅིང་	ཅིང་	PART
ཚོམ་བུ་	ཚོམ་བུ་	OTHER
བཀོད་པ་	བཀོད་པ་	VERB
གླིང་བཞི་	གླིང་བཞི་	NO_POS
གླིང་ཕྲན་	གླིང་ཕྲན་	NOUN
བརྒྱད་	བརྒྱད་	NUM
།		PUNCT
རིན་པོ་ཆེ་	རིན་པོ་ཆེ་	ADJ
སྣ་	སྣ་	NOUN
བདུན་	བདུན་	NUM
།		PUNCT
གཏེར་ཆེན་པོ་	གཏེར་ཆེན་པོ་	OTHER
འི་	གི་	PART
བུམ་པ་	བུམ་པ་	NOUN
དང་	དང་	NO_POS
བརྒྱད་	བརྒྱད་	NUM
།		PUNCT
རི་རབ་	རི་རབ་	PROPN
ཉི་ཟླ་	ཉི་ཟླ་	NOUN
དང་	དང་	NO_POS
བཅས་པ་	བཅས་པ་	VERB
རིན་པོ་ཆེ་	རིན་པོ་ཆེ་	ADJ
སྣ་ཚོགས་	སྣ་ཚོགས་	DET
ཀྱིས་	གིས་	PART
གང་བ་	གང་བ་	VERB
འབུལ་བ་	འབུལ་བ་	VERB
ར་	ལ་	PART
བྱ་	བྱ་	VERB
འོ་	གོ་	PART
། །		PUNCT
ཕན་ཡོན་	ཕན་ཡོན་	NOUN
ནི་	ནི་	NO_POS
དཔག་	དཔག་	VERB
ཏུ་	ལ་	PART
མེད་པ་	མེད་པ་	VERB
ཡོད་	ཡོད་	VERB
དེ་	དེ་	DET
།		PUNCT
ཛེ་		NON_WORD
ཏཱ་	ཏཱ་	NO_POS
རི་	རི་	NOUN
།		PUNCT
བ་	བ་	X
ཡི་	ཡི་	ADP
ལྕི་བ་	ལྕི་བ་	VERB
ཆུ་		
བཅའ་	བཅའ་	VERB
སྦྱིན་པ་	སྦྱིན་པ་	VERB
སྟེ་	སྟེ་	PART
། །		PUNCT
ལེགས་པ་	ལེགས་པ་	VERB
ར་	ལ་	PART
བྱུག་པ་	བྱུག་པ་	NOUN
ར་	ལ་	PART
བྱེད་པ་	བྱེད་པ་	VERB
ཚུལ་ཁྲིམས་	ཚུལ་ཁྲིམས་	NOUN
སོ་	སོ་	PART
། །		PUNCT
སྲིན་	སྲིན་	NO_POS
དང་	དང་	NO_POS
གྲོག་སྦུར་	གྲོག་སྦུར་	NOUN
བསལ་བ་	བསལ་བ་	VERB
བཟོད་པ་	བཟོད་པ་	VERB
ཡིན་	ཡིན་	NO_POS
། །		PUNCT
བྱ་བ་	བྱ་བ་	VERB
ལ་	ལ་	ADP
ནི་	ནི་	NO_POS
ཉེ་	ཉེ་	NUM
ཞུགས་	ཞུགས་	VERB
བརྩོན་འགྲུས་	བརྩོན་འགྲུས་	NOUN
ཏེ་	སྟེ་	PART
། །		PUNCT
དེ་	དེ་	DET
ལ་	ལ་	ADP
སྐད་ཅིག་	སྐད་ཅིག་	OTHER
སེམས་	སེམས་	NOUN
ནི་	ནི་	NO_POS
གཅིག་	གཅིག་	NUM
བྱེད་པ་	བྱེད་པ་	VERB
། །		PUNCT
བསམ་གཏན་	བསམ་གཏན་	NOUN
ཤེས་རབ་	ཤེས་རབ་	NOUN
རི་མོ་	རི་མོ་	NOUN
གསལ་བ་	གསལ་བ་	VERB
འོ་	གོ་	PART
། །		PUNCT
ཐུབ་པ་	ཐུབ་པ་	VERB
འི་	གི་	PART
མཎྜལ་		NON_WORD
བྱས་པ་	བྱས་པ་	VERB
ཡི་	གིས་	PART
། །		PUNCT
ཕ་རོལ་	ཕ་རོལ་	NOUN
ཕྱིན་པ་	ཕྱིན་པ་	VERB
འདི་	འདི་	DET
དྲུག་	དྲུག་	NUM
ཐོབ་	ཐོབ་	VERB
། །		PUNCT
ཅེས་བྱ་བ་	ཅེས་བྱ་བ་	NO_POS
ལ་སོགས་པ་	ལ་སོགས་པ་	NO_POS
གསུངས་	གསུངས་	VERB
ཤིང་	ཅིང་	PART
།		PUNCT
ཆོས་རྗེ་	ཆོས་རྗེ་	NOUN
ས་	གིས་	PART
།		PUNCT
ཞིང་ཁམས་	ཞིང་ཁམས་	NOUN
ཀྱི་	གི་	PART
རྟེན་འབྲེལ་	རྟེན་འབྲེལ་	NOUN
ཐམས་ཅད་	ཐམས་ཅད་	DET
འདི་	འདི་	DET
ལ་	ལ་	ADP
ཡོད་པ་	ཡོད་པ་	VERB
ར་	ལ་	PART
ཡང་	ཀྱང་	PART
གསུངས་	གསུངས་	VERB
སོ་	སོ་	PART
། །		PUNCT
དེ་ནས་	དེ་ནས་	NO_POS
སེམས་བསྐྱེད་	སེམས་བསྐྱེད་	NOUN
དང་	དང་	NO_POS
ལྡན་པ་	ལྡན་པ་	VERB
རྟེན་	རྟེན་	NOUN
གྱི་	གི་	PART
སྟོབས་	སྟོབས་	NOUN
།		PUNCT
སྔ་	སྔ་	NOUN
བྱ་	བྱ་	VERB
ལ་	ལ་	ADP
འགྱོད་པ་	འགྱོད་པ་	VERB
རྣམ་པ་	རྣམ་པ་	NOUN
ར་	ལ་	PART
སུན་	སུན་	NO_POS
འབྱིན་	འབྱིན་	VERB
།		PUNCT
ཕྱི་	ཕྱི་	VERB
མི་	མི་	PART
བྱེད་པ་	བྱེད་པ་	VERB
ར་	ལ་	PART
བསྡོམ་པ་	བསྡོམ་པ་	NO_POS
ཉེས་པ་	ཉེས་པ་	VERB
ལ་	ལ་	ADP
ས་	གིས་	PART
སླ་	སླ་	ADV
ལོག་	ལོག་	VERB
།		PUNCT
བྱང་ཆུབ་	བྱང་ཆུབ་	NOUN
ཀྱི་	གི་	PART
ལྟུང་བ་	ལྟུང་བ་	VERB
བཤགས་པ་	བཤགས་པ་	VERB
འི་	གི་	PART
མདོ་	མདོ་	NOUN
ལ་སོགས་པ་	ལ་སོགས་པ་	NO_POS
འི་	གི་	PART
བཤགས་པ་	བཤགས་པ་	VERB
འི་	གི་	PART
ཚིག་	ཚིག་	NOUN
གཉེན་པོ་	གཉེན་པོ་	NOUN
ཀུན་	ཀུན་	DET
ཏུ་	ལ་	PART
གཅོད་པ་	གཅོད་པ་	VERB
འི་	གི་	PART
སྟོབས་	སྟོབས་	NOUN
ཏེ་	སྟེ་	PART
བཞི་	བཞི་	NUM
ས་	གིས་	PART
བདག་གཞན་	བདག་གཞན་	NOUN
གྱི་	གི་	PART
སྡིག་པ་	སྡིག་པ་	VERB
ཐམས་ཅད་	ཐམས་ཅད་	DET
བཤགས་པ་	བཤགས་པ་	VERB
དང་	དང་	NO_POS
།		PUNCT
དགེ་བ་	དགེ་བ་	VERB
ལ་	ལ་	ADP
རྗེས་སུ་	རྗེས་སུ་	OTHER
ཡི་	ཡི་	ADP
རང་བ་	རང་བ་	VERB
དང་	དང་	NO_POS
།		PUNCT
སངས་རྒྱས་	སངས་རྒྱས་	NOUN
ན་	ནས་	PART
རིང་པོ་	རིང་པོ་	ADJ
ར་	ལ་	PART
མ་	མ་	PART
ལོན་པ་	ལོན་པ་	VERB
རྣམས་	རྣམས་	DET
ལ་	ལ་	ADP
ཆོ་	ཆོ་	NOUN
ཀྱི་	གི་	PART
འཁོར་ལོ་	འཁོར་ལོ་	NOUN
བསྐོར་བ་	བསྐོར་བ་	VERB
ར་	ལ་	PART
བསྐུལ་བ་	བསྐུལ་བ་	VERB
དང་	དང་	NO_POS
།		PUNCT
མྱ་ངན་	མྱ་ངན་	NOUN
ལ་	ལ་	ADP
ས་	གིས་	PART
འདའ་བ་	འདའ་བ་	VERB
ར་	ལ་	PART
བཞེད་པ་	བཞེད་པ་	VERB
རྣམས་	རྣམས་	DET
མི་འདའ་	མི་འདའ་	NO_POS
བ་	བ་	NOUN
གསོལ་བ་	གསོལ་བ་	VERB
དང་	དང་	NO_POS
།		PUNCT
དེ་དག་	དེ་དག་	OTHER
གི་	གི་	PART
དགེ་བ་	དགེ་བ་	VERB
བླ་	བླ་	NOUN
ན་	ན་	ADP
མེད་པ་	མེད་པ་	VERB
འི་	གི་	PART
བྱང་ཆུབ་	བྱང་ཆུབ་	NOUN
ཏུ་	ལ་	PART
བསྔོ་བ་	བསྔོ་བ་	VERB
བགྱི་	བགྱི་	VERB
ན་	ནས་	PART
།		PUNCT
ཚོགས་	ཚོགས་	NOUN
ཞིང་	ཞིང་	ADP
སྔར་བཞིན་	སྔར་བཞིན་	NO_POS
བདག་ཉིད་	བདག་ཉིད་	NOUN
ལ་	ལ་	ADP
བསྡུ་	བསྡུ་	VERB
འོ་	གོ་	PART
།། །།		PUNCT
བཞི་པ་	བཞི་པ་	ADJ
བྱིན་རླབས་	བྱིན་རླབས་	NOUN
འཇུག་པ་	འཇུག་པ་	VERB
ར་	ལ་	PART
བྱེད་	བྱེད་	VERB
བ་བླ་	བ་བླ་	NO_POS
མ་	མ་	PART
འི་	གི་	PART
རྣལ་འབྱོར་	རྣལ་འབྱོར་	NOUN
གྱི་	གི་	PART
ཁྲིད་	ཁྲིད་	VERB
ནི་	ནི་	NO_POS
།		PUNCT
རང་ཉིད་	རང་ཉིད་	OTHER
རྗེ་བཙུན་	རྗེ་བཙུན་	NOUN
རྡོ་རྗེ་	རྡོ་རྗེ་	NOUN
རྣལ་འབྱོར་	རྣལ་འབྱོར་	NOUN
མ་	མ་	PART
ལྟ་བུ་	ལྟ་བུ་	NOUN
འི་	གི་	PART
ལྷ་	ལྷ་	NOUN
གང་	གང་	NO_POS
མོས་པ་	མོས་པ་	VERB
ར་	ལ་	PART
བསམས་པ་	བསམས་པ་	VERB
འི་	གི་	PART
སྤྱི་བོ་	སྤྱི་བོ་	NOUN
ར་	ལ་	PART
གྱད་	གྱད་	PROPN
དང་	དང་	NO_POS
སེང་གེ་	སེང་གེ་	NOUN
ས་	གིས་	PART
བཏེག་པ་	བཏེག་པ་	VERB
འི་	གི་	PART
རིན་པོ་ཆེ་	རིན་པོ་ཆེ་	ADJ
འི་	གི་	PART
ཁྲི་	ཁྲི་	NUM
ད་	ད་	NOUN
གྱིས་	གིས་	PART
ཀླུབས་པ་	ཀླུབས་པ་	NO_POS
།		PUNCT
པདྨ་	པདྨ་	NOUN
ཟླ་	ཟླ་	NOUN
ཉི་	ཉི་	NUM
བརྩེགས་པ་	བརྩེགས་པ་	VERB
འི་	གི་	PART
གདན་	གདན་	NOUN
ལ་	ལ་	ADP
།		PUNCT
རྩ་བ་	རྩ་བ་	NOUN
འི་	གི་	PART
བླ་མ་	བླ་མ་	NOUN
རྡོ་རྗེ་	རྡོ་རྗེ་	NOUN
འཆང་	འཆང་	NO_POS
ཆེན་པོ་	ཆེན་པོ་	ADJ
དང་	དང་	NO_POS
ཐ་	ཐ་	NOUN
མི་	མི་	PART
དད་པ་	དད་པ་	VERB
གསལ་བཏབ་པ་	གསལ་བཏབ་པ་	NO_POS
འི་	གི་	PART
སྤྱི་བོ་	སྤྱི་བོ་	NOUN
ར་	ལ་	PART
།		PUNCT
བརྒྱུད་པ་	བརྒྱུད་པ་	VERB
འི་	གི་	PART
བླ་མ་	བླ་མ་	NOUN
རྡོ་རྗེ་	རྡོ་རྗེ་	NOUN
འཆང་	འཆང་	NO_POS
ལ་	ལ་	ADP
ཐུག་	ཐུག་	VERB
གི་	གི་	PART
བ་	བ་	NOUN
མཐོ་	མཐོ་	VERB
བརྩེགས་	བརྩེགས་	NO_POS
སུ་	སུ་	ADP
བཞུགས་པ་	བཞུགས་པ་	VERB
།		PUNCT
དེ་	དེ་	DET
ཐམས་ཅད་	ཐམས་ཅད་	DET
ངོ་བོ་	ངོ་བོ་	NOUN
ཆོས་ཉིད་	ཆོས་ཉིད་	NOUN
དག་པ་	དག་པ་	VERB
འི་	གི་	PART
ཀློང་	ཀློང་	NOUN
དུ་	ལ་	PART
གཅིག་པ་	གཅིག་པ་	ADJ
རྣམ་པ་	རྣམ་པ་	NOUN
གང་	གང་	NO_POS
ལ་	ལ་	ADP
གང་	གང་	NO_POS
འདུལ་	འདུལ་	NO_POS
གྱི་	གི་	PART
གཟུགས་	གཟུགས་	NOUN
ཀྱི་	གི་	PART
སྐུ་	སྐུ་	NOUN
ཤར་བ་	ཤར་བ་	VERB
ས་	གིས་	PART
།		PUNCT
རྩ་བ་	རྩ་བ་	NOUN
འི་	གི་	PART
བླ་མ་	བླ་མ་	NOUN
ན་	ནས་	PART
རྡོ་རྗེ་	རྡོ་རྗེ་	NOUN
འཆང་	འཆང་	NO_POS
གི་	གི་	PART
བ་	བ་	NOUN
།		PUNCT
དགོངས་པ་	དགོངས་པ་	VERB
ལ་	ལ་	ADP
མཐོ་དམའ་	མཐོ་དམའ་	NO_POS
དང་	དང་	NO_POS
།		PUNCT
ཐུགས་རྗེ་	ཐུགས་རྗེ་	NOUN
ལ་	ལ་	ADP
བྲི་གང་	བྲི་གང་	NO_POS
མེད་པ་	མེད་པ་	VERB
།		PUNCT
སངས་རྒྱས་	སངས་རྒྱས་	NOUN
ཉག་གཅིག་	ཉག་གཅིག་	NO_POS
ཏུ་	ལ་	PART
བཞུགས་པ་	བཞུགས་པ་	VERB
ར་	ལ་	PART
བསམས་	བསམས་	VERB
ན་	ནས་	PART
།		PUNCT
བརྒྱུད་པ་	བརྒྱུད་པ་	VERB
འི་	གི་	PART
གསོལ་འདེབས་	གསོལ་འདེབས་	NOUN
བྱ་	བྱ་	VERB
།		PUNCT
བླ་མ་	བླ་མ་	NOUN
འོག་མ་	འོག་མ་	ADJ
འོག་མ་	འོག་མ་	ADJ
འི་	གི་	PART
གདུང་ཤུགས་	གདུང་ཤུགས་	NOUN
ཀྱིས་	གིས་	PART
གོང་མ་	གོང་མ་	ADJ
གོང་མ་	གོང་མ་	ADJ
རིམ་པ་	རིམ་པ་	NOUN
བཞིན་	བཞིན་	NOUN
ཞུ་	ཞུ་	VERB
ན་	ནས་	PART
རྩ་བ་	རྩ་བ་	NOUN
འི་	གི་	PART
བླ་མ་	བླ་མ་	NOUN
ལ་	ལ་	ADP
ཐིམ་	ཐིམ་	NO_POS
།		PUNCT
བླ་མ་	བླ་མ་	NOUN
འི་	གི་	PART
སྨིན་མཚམས་	སྨིན་མཚམས་	NOUN
ན་	ནས་	PART
འོད་ཟེར་	འོད་ཟེར་	NOUN
དཀར་པོ་	དཀར་པོ་	ADJ
དཔག་	དཔག་	VERB
ཏུ་	ལ་	PART
མེད་པ་	མེད་པ་	VERB
འཕྲོ་	འཕྲོ་	NOUN
ས་	གིས་	PART
།		PUNCT
རང་	རང་	PRON
གི་	གི་	PART
སྨིན་མཚམས་	སྨིན་མཚམས་	NOUN
ན་	ནས་	PART
ཞུགས་	ཞུགས་	VERB
ལུས་	ལུས་	NOUN
ཐམས་ཅད་	ཐམས་ཅད་	DET
གང་	གང་	NO_POS
།		PUNCT
ལུས་	ལུས་	NOUN
ཀྱི་	གི་	PART
དྲི་མ་	དྲི་མ་	NOUN
དག་	དག་	DET
།		PUNCT
བུམ་པ་	བུམ་པ་	NOUN
འི་	གི་	PART
དབང་	དབང་	NOUN
ཐོབ་	ཐོབ་	VERB
།		PUNCT
ལམ་	གམ་	PART
བསྐྱེད་རིམ་	བསྐྱེད་རིམ་	NOUN
བསྒོམ་པ་	བསྒོམ་པ་	VERB
ལ་	ལ་	ADP
དབང་	དབང་	NOUN
།		PUNCT
འབྲས་བུ་	འབྲས་བུ་	NOUN
སྐུ་རྡོ་རྗེ་	སྐུ་རྡོ་རྗེ་	NO_POS
སྤྲུལ་པ་	སྤྲུལ་པ་	VERB
འི་	གི་	PART
སྐུ་	སྐུ་	NOUN
ཐོབ་པ་	ཐོབ་པ་	VERB
འི་	གི་	PART
སྐལ་བ་	སྐལ་བ་	NOUN
ཅན་	ཅན་	PART
དུ་	ལ་	PART
བྱ་	བྱ་	VERB
།		PUNCT
མགྲིན་པ་	མགྲིན་པ་	NOUN
འི་	གི་	PART
ཨཱཿ་		NON_WORD
ལ་	ལ་	ADP
ས་	གིས་	PART
འོད་ཟེར་	འོད་ཟེར་	NOUN
དམར་པོ་	དམར་པོ་	ADJ
དཔག་	དཔག་	VERB
ཏུ་	ལ་	PART
མེད་པ་	མེད་པ་	VERB
འཕྲོ་	འཕྲོ་	NOUN
ས་	གིས་	PART
།		PUNCT
མགྲིན་པ་	མགྲིན་པ་	NOUN
ར་	ལ་	PART
ཞུགས་	ཞུགས་	VERB
།		PUNCT
ལུས་	ལུས་	NOUN
གང་	གང་	NO_POS
།		PUNCT
ངག་	ངག་	NOUN
གི་	གི་	PART
དྲི་མ་	དྲི་མ་	NOUN
དག་	དག་	DET
།		PUNCT
གསང་བ་	གསང་བ་	VERB
འི་	གི་	PART
དབང་	དབང་	NOUN
ཐོབ་	ཐོབ་	VERB
།		PUNCT
ལམ་	གམ་	PART
རྩ་	རྩ་	NUM
རླུང་	རླུང་	NOUN
ཐིག་ལེ་	ཐིག་ལེ་	NOUN
བསྒོམ་པ་	བསྒོམ་པ་	VERB
ལ་	ལ་	ADP
དབང་	དབང་	NOUN
།		PUNCT
འབྲས་བུ་	འབྲས་བུ་	NOUN
གསུང་	གསུང་	VERB
རྡོ་རྗེ་	རྡོ་རྗེ་	NOUN
ལོངས་སྤྱོད་	ལོངས་སྤྱོད་	NOUN
རྫོགས་པ་	རྫོགས་པ་	VERB
འི་	གི་	PART
སྐུ་	སྐུ་	NOUN
ཐོབ་པ་	ཐོབ་པ་	VERB
འི་	གི་	PART
སྐལ་པ་	སྐལ་པ་	NOUN
ཅན་	ཅན་	PART
དུ་	ལ་	PART
བྱ་	བྱ་	VERB
།		PUNCT
བླ་མ་	བླ་མ་	NOUN
འི་	གི་	PART
ཐུགས་ཀ་	ཐུགས་ཀ་	NOUN
ན་	ནས་	PART
འོད་ཟེར་	འོད་ཟེར་	NOUN
སྔོན་པོ་	སྔོན་པོ་	ADJ
འཕྲོ་	འཕྲོ་	NOUN
ས་	གིས་	PART
།		PUNCT
རང་	རང་	PRON
གི་	གི་	PART
སྙིང་ག་	སྙིང་ག་	NOUN
ར་	ལ་	PART
ཞུགས་	ཞུགས་	VERB
།		PUNCT
ལུས་	ལུས་	NOUN
ཐམས་ཅད་	ཐམས་ཅད་	DET
གང་	གང་	NO_POS
།		PUNCT
ཡིད་	ཡིད་	NOUN
ཀྱི་	གི་	PART
དྲི་མ་	དྲི་མ་	NOUN
དག་	དག་	DET
།		PUNCT
ཤེས་རབ་	ཤེས་རབ་	NOUN
ཡེ་ཤེས་	ཡེ་ཤེས་	NOUN
ཀྱི་	གི་	PART
དབང་	དབང་	NOUN
ཐོབ་	ཐོབ་	VERB
།		PUNCT
ཕོ་ཉ་	ཕོ་ཉ་	NOUN
འི་	གི་	PART
ལམ་	གམ་	PART
བསྒོམ་པ་	བསྒོམ་པ་	VERB
ལ་	ལ་	ADP
དབང་	དབང་	NOUN
།		PUNCT
འབྲས་བུ་	འབྲས་བུ་	NOUN
ཐུགས་	ཐུགས་	NOUN
རྡོ་རྗེ་	རྡོ་རྗེ་	NOUN
ཆོ་	ཆོ་	NOUN
ཀྱི་	གི་	PART
སྐུ་	སྐུ་	NOUN
ཐོབ་པ་	ཐོབ་པ་	VERB
འི་	གི་	PART
སྐལ་པ་	སྐལ་པ་	NOUN
ཅན་	ཅན་	PART
དུ་	ལ་	PART
བྱ་	བྱ་	VERB
།		PUNCT
བླ་མ་	བླ་མ་	NOUN
འི་	གི་	PART
གནས་	གནས་	NOUN
གསུམ་	གསུམ་	NUM
ལ་	ལ་	ADP
ས་	གིས་	PART
འོད་ཟེར་	འོད་ཟེར་	NOUN
དཀར་དམར་	དཀར་དམར་	OTHER
མཐིང་	མཐིང་	NO_POS
གསུམ་	གསུམ་	NUM
འཕྲོ་	འཕྲོ་	NOUN
ས་	གིས་	PART
།		PUNCT
རང་	རང་	PRON
གི་	གི་	PART
གནས་	གནས་	NOUN
གསུམ་	གསུམ་	NUM
ན་	ནས་	PART
ཞུགས་	ཞུགས་	VERB
།		PUNCT
ལུས་	ལུས་	NOUN
ཐམས་ཅད་	ཐམས་ཅད་	DET
གང་	གང་	NO_POS
།		PUNCT
ལུས་ངག་	ལུས་ངག་	NOUN
ཡིད་	ཡིད་	NOUN
གསུམ་	གསུམ་	NUM
ཐ་དད་	ཐ་དད་	ADJ
དུ་	ལ་	PART
འཛིན་པ་	འཛིན་པ་	VERB
འི་	གི་	PART
དྲི་མ་	དྲི་མ་	NOUN
བག་ཆགས་	བག་ཆགས་	NOUN
དང་	དང་	NO_POS
བཅས་པ་	བཅས་པ་	VERB
དག་	དག་	DET
།		PUNCT
དབང་	དབང་	NOUN
བཞི་པ་	བཞི་པ་	ADJ
ཐོབ་	ཐོབ་	VERB
།		PUNCT
ལམ་	གམ་	PART
ཕྱག་རྒྱ་	ཕྱག་རྒྱ་	NOUN
ཆེན་པོ་	ཆེན་པོ་	ADJ
བསྒོམ་པ་	བསྒོམ་པ་	VERB
ལ་	ལ་	ADP
དབང་	དབང་	NOUN
།		PUNCT
འབྲས་བུ་	འབྲས་བུ་	NOUN
ཡེ་ཤེས་	ཡེ་ཤེས་	NOUN
རྡོ་རྗེ་	རྡོ་རྗེ་	NOUN
ངོ་བོ་	ངོ་བོ་	NOUN
ཉིད་	ཉིད་	DET
སྐུ་	སྐུ་	NOUN
ཐོབ་པ་	ཐོབ་པ་	VERB
འི་	གི་	PART
སྐལ་བ་	སྐལ་བ་	NOUN
ཅན་	ཅན་	PART
དུ་	ལ་	PART
བྱ་	བྱ་	VERB
།		PUNCT
མཐ་	མཐའ་	NOUN
ར་	ལ་	PART
བླ་མ་	བླ་མ་	NOUN
གདན་ཁྲི་	གདན་ཁྲི་	NO_POS
དང་	དང་	NO_POS
བཅས་པ་	བཅས་པ་	VERB
རང་	རང་	PRON
ལ་	ལ་	ADP
ཐིམ་པ་	ཐིམ་པ་	VERB
ར་	ལ་	PART
བསམ་	བསམ་	NOUN
མོ་	མོ་	PRON
། །		PUNCT
དེ་ལྟ་	དེ་ལྟ་	NO_POS
ཁྲིད་	ཁྲིད་	VERB
མཐའ་དག་	མཐའ་དག་	DET
གི་	གི་	PART
སྔོན་	སྔོན་	ADV
དུ་	ལ་	PART
འགྲོ་བ་	འགྲོ་བ་	VERB
འི་	གི་	PART
ཡི་གེ་	ཡི་གེ་	NOUN
འདི་	འདི་	DET
ཡང་	ཀྱང་	PART
།		PUNCT
པདྨ་	པདྨ་	NOUN
དཀར་པོ་	དཀར་པོ་	ADJ
ས་	གིས་	PART
ལྷ་བཙུན་	ལྷ་བཙུན་	OTHER
གཞན་ཕན་	གཞན་ཕན་	OTHER
བཟང་པོ་	བཟང་པོ་	ADJ
ར་	ལ་	PART
གདམས་པ་	གདམས་པ་	VERB
འོ་	གོ་	PART
།། །།		PUNCT
